ds,cpu_forecast_mean,cpu_lower,cpu_upper,cpu_forecast_min,cpu_forecast_max
2026-09-11 13:00:00,15.247828,9.495541,32.475132,9.495541,32.475132
2026-09-11 14:00:00,13.38393,9.598963,28.060818,9.598963,28.060818
2026-09-11 15:00:00,12.674957,9.919638,25.776371,9.919638,25.776371
2026-09-11 16:00:00,12.469532,9.842911,24.595688,9.842911,24.595688
2026-09-11 17:00:00,12.320253,9.770855,23.21835,9.770855,23.21835
2026-09-11 18:00:00,12.280115,9.754763,22.069845,9.754763,22.069845
2026-09-11 19:00:00,12.164504,9.520647,20.790413,9.520647,20.790413
2026-09-11 20:00:00,12.192888,9.48386,19.875832,9.48386,19.875832
2026-09-11 21:00:00,12.136673,9.33489,19.19773,9.33489,19.19773
2026-09-11 22:00:00,12.165108,9.318176,18.729408,9.318176,18.729408
2026-09-11 23:00:00,12.016541,9.08451,18.20496,9.08451,18.20496
2026-09-12 00:00:00,12.076324,9.066198,18.08147,9.066198,18.08147
2026-09-12 01:00:00,12.012827,8.891826,17.97987,8.891826,17.97987
2026-09-12 02:00:00,12.050428,8.889896,17.871376,8.889896,17.871376
2026-09-12 03:00:00,11.942066,8.738461,17.621067,8.738461,17.621067
2026-09-12 04:00:00,11.960888,8.6793165,17.448961,8.6793165,17.448961
2026-09-12 05:00:00,11.8481045,8.459474,17.09542,8.459474,17.09542
2026-09-12 06:00:00,11.869936,8.440536,17.011814,8.440536,17.011814
2026-09-12 07:00:00,11.768471,8.262497,16.859375,8.262497,16.859375
2026-09-12 08:00:00,11.819995,8.173424,16.777515,8.173424,16.777515
2026-09-12 09:00:00,11.778463,8.041981,16.742582,8.041981,16.742582
2026-09-12 10:00:00,11.833233,8.017041,16.845558,8.017041,16.845558
2026-09-12 11:00:00,11.770264,7.8865433,16.803461,7.8865433,16.803461
2026-09-12 12:00:00,11.877462,7.861312,16.895174,7.861312,16.895174
2026-09-12 13:00:00,11.827561,7.647941,16.89457,7.647941,16.89457
2026-09-12 14:00:00,11.924379,7.5698466,16.959969,7.5698466,16.959969
2026-09-12 15:00:00,11.870678,7.3105836,16.870728,7.3105836,16.870728
2026-09-12 16:00:00,11.9334,7.1938972,16.889973,7.1938972,16.889973
2026-09-12 17:00:00,11.837785,6.969192,16.832504,6.969192,16.832504
2026-09-12 18:00:00,11.856966,6.7720323,16.855217,6.7720323,16.855217
2026-09-12 19:00:00,11.782257,6.511897,16.778767,6.511897,16.778767
2026-09-12 20:00:00,11.8671055,6.4365892,16.820284,6.4365892,16.820284
2026-09-12 21:00:00,11.824896,6.3154087,16.738777,6.3154087,16.738777
2026-09-12 22:00:00,11.892936,6.249776,16.830952,6.249776,16.830952
2026-09-12 23:00:00,11.814586,6.133944,16.761616,6.133944,16.761616
2026-09-13 00:00:00,11.900749,6.1833253,16.93229,6.1833253,16.93229
2026-09-13 01:00:00,11.873272,6.1551213,16.847588,6.1551213,16.847588
2026-09-13 02:00:00,11.907115,6.140579,16.869287,6.140579,16.869287
2026-09-13 03:00:00,11.792157,6.043398,16.741402,6.043398,16.741402
2026-09-13 04:00:00,11.87212,6.0873756,16.805838,6.0873756,16.805838
2026-09-13 05:00:00,11.833804,5.931279,16.760124,5.931279,16.760124
2026-09-13 06:00:00,11.864188,5.893107,16.806166,5.893107,16.806166
2026-09-13 07:00:00,11.766553,5.6211195,16.691494,5.6211195,16.691494
2026-09-13 08:00:00,11.808351,5.4953513,16.775412,5.4953513,16.775412
2026-09-13 09:00:00,11.769095,5.3291945,16.742496,5.3291945,16.742496
2026-09-13 10:00:00,11.795622,5.24861,16.821354,5.24861,16.821354
2026-09-13 11:00:00,11.73373,5.0866747,16.787397,5.0866747,16.787397
2026-09-13 12:00:00,11.762165,5.0684443,16.88347,5.0684443,16.88347
2026-09-13 13:00:00,11.713503,4.987131,16.901964,4.987131,16.901964
2026-09-13 14:00:00,11.739367,5.048972,16.96157,5.048972,16.96157
2026-09-13 15:00:00,11.700687,4.9724684,16.99622,4.9724684,16.99622
2026-09-13 16:00:00,11.754826,5.0305233,17.044773,5.0305233,17.044773
2026-09-13 17:00:00,11.755005,4.9608994,17.036303,4.9608994,17.036303
2026-09-13 18:00:00,11.77145,4.9539123,17.082075,4.9539123,17.082075
2026-09-13 19:00:00,11.721195,4.8493204,16.989986,4.8493204,16.989986
2026-09-13 20:00:00,11.79368,4.7941,17.039545,4.7941,17.039545
2026-09-13 21:00:00,11.807142,4.728593,17.06955,4.728593,17.06955
2026-09-13 22:00:00,11.826345,4.6445317,17.109276,4.6445317,17.109276
2026-09-13 23:00:00,11.749929,4.5033994,17.05294,4.5033994,17.05294
2026-09-14 00:00:00,11.733601,4.420402,17.066038,4.420402,17.066038
2026-09-14 01:00:00,11.742967,4.288512,17.14757,4.288512,17.14757
2026-09-14 02:00:00,11.753084,4.1698284,17.206356,4.1698284,17.206356
2026-09-14 03:00:00,11.690168,3.9518495,17.165962,3.9518495,17.165962
2026-09-14 04:00:00,11.720591,3.8210387,17.18671,3.8210387,17.18671
2026-09-14 05:00:00,11.727704,3.777824,17.165241,3.777824,17.165241
2026-09-14 06:00:00,11.756018,3.7243714,17.231344,3.7243714,17.231344
2026-09-14 07:00:00,11.734943,3.7142076,17.25446,3.7142076,17.25446
2026-09-14 08:00:00,11.729302,3.730961,17.312761,3.730961,17.312761
2026-09-14 09:00:00,11.707049,3.7419426,17.366653,3.7419426,17.366653
2026-09-14 10:00:00,11.719464,3.7925692,17.446913,3.7925692,17.446913
2026-09-14 11:00:00,11.651824,3.737671,17.47074,3.737671,17.47074
2026-09-14 12:00:00,11.650902,3.7815056,17.592285,3.7815056,17.592285
2026-09-14 13:00:00,11.639442,3.7680626,17.665016,3.7680626,17.665016
2026-09-14 14:00:00,11.640597,3.778984,17.776184,3.778984,17.776184
2026-09-14 15:00:00,11.597594,3.6859722,17.7507,3.6859722,17.7507
2026-09-14 16:00:00,11.649313,3.6446674,17.866909,3.6446674,17.866909
2026-09-14 17:00:00,11.660845,3.5847986,17.917498,3.5847986,17.917498
2026-09-14 18:00:00,11.683372,3.5671282,17.94513,3.5671282,17.94513
2026-09-14 19:00:00,11.64621,3.4618483,17.919777,3.4618483,17.919777
2026-09-14 20:00:00,11.643302,3.4594398,17.9222,3.4594398,17.9222
2026-09-14 21:00:00,11.622001,3.463918,17.877815,3.463918,17.877815
2026-09-14 22:00:00,11.608297,3.4575336,17.869896,3.4575336,17.869896
2026-09-14 23:00:00,11.545734,3.355879,17.901842,3.355879,17.901842
2026-09-15 00:00:00,11.55724,3.3872075,17.921356,3.3872075,17.921356
2026-09-15 01:00:00,11.5464115,3.3462846,17.948034,3.3462846,17.948034
2026-09-15 02:00:00,11.521091,3.3473287,17.957605,3.3473287,17.957605
2026-09-15 03:00:00,11.461767,3.3241444,17.881248,3.3241444,17.881248
2026-09-15 04:00:00,11.490105,3.291729,17.953558,3.291729,17.953558
2026-09-15 05:00:00,11.488871,3.319167,17.971527,3.319167,17.971527
2026-09-15 06:00:00,11.499056,3.3219683,18.015856,3.3219683,18.015856
2026-09-15 07:00:00,11.460311,3.2877803,17.992691,3.2877803,17.992691
2026-09-15 08:00:00,11.466145,3.2850385,18.005556,3.2850385,18.005556
2026-09-15 09:00:00,11.465005,3.2098143,18.04063,3.2098143,18.04063
2026-09-15 10:00:00,11.4729,3.213771,18.038065,3.213771,18.038065
2026-09-15 11:00:00,11.443947,3.130869,18.068295,3.130869,18.068295
2026-09-15 12:00:00,11.458413,3.097446,18.104843,3.097446,18.104843
2026-09-15 13:00:00,11.434685,3.1190982,18.064108,3.1190982,18.064108
2026-09-15 14:00:00,11.419196,3.048016,18.079124,3.048016,18.079124
2026-09-15 15:00:00,11.3982525,2.9941185,18.094782,2.9941185,18.094782
2026-09-15 16:00:00,11.42591,2.9598675,18.160038,2.9598675,18.160038
2026-09-15 17:00:00,11.406921,2.904632,18.15429,2.904632,18.15429
2026-09-15 18:00:00,11.410738,2.891138,18.16563,2.891138,18.16563
2026-09-15 19:00:00,11.348362,2.8133636,18.170473,2.8133636,18.170473
2026-09-15 20:00:00,11.358781,2.807772,18.239433,2.807772,18.239433
2026-09-15 21:00:00,11.345996,2.7986174,18.264193,2.7986174,18.264193
2026-09-15 22:00:00,11.355026,2.8078506,18.339798,2.8078506,18.339798
2026-09-15 23:00:00,11.307443,2.7530308,18.305283,2.7530308,18.305283
2026-09-16 00:00:00,11.350901,2.72347,18.374403,2.72347,18.374403
2026-09-16 01:00:00,11.340024,2.6514828,18.42357,2.6514828,18.42357
2026-09-16 02:00:00,11.315412,2.6033912,18.435682,2.6033912,18.435682
2026-09-16 03:00:00,11.269524,2.534987,18.412659,2.534987,18.412659
2026-09-16 04:00:00,11.266139,2.5519285,18.417665,2.5519285,18.417665
2026-09-16 05:00:00,11.216576,2.534398,18.351059,2.534398,18.351059
2026-09-16 06:00:00,11.181675,2.509951,18.312653,2.509951,18.312653
2026-09-16 07:00:00,11.129688,2.4379153,18.312542,2.4379153,18.312542
2026-09-16 08:00:00,11.11388,2.4240022,18.310823,2.4240022,18.310823
2026-09-16 09:00:00,11.107464,2.423989,18.284039,2.423989,18.284039
2026-09-16 10:00:00,11.119421,2.4380076,18.33073,2.4380076,18.33073
2026-09-16 11:00:00,11.055613,2.4599507,18.243973,2.4599507,18.243973
2026-09-16 12:00:00,11.062985,2.4400394,18.331707,2.4400394,18.331707
2026-09-16 13:00:00,11.047486,2.4717307,18.341211,2.4717307,18.341211
2026-09-16 14:00:00,11.004138,2.4385612,18.308502,2.4385612,18.308502
2026-09-16 15:00:00,10.953813,2.376894,18.226435,2.376894,18.226435
2026-09-16 16:00:00,10.995028,2.4072852,18.218666,2.4072852,18.218666
2026-09-16 17:00:00,11.002177,2.3551772,18.2699,2.3551772,18.2699
2026-09-16 18:00:00,11.020545,2.4166489,18.282764,2.4166489,18.282764
2026-09-16 19:00:00,10.960932,2.3466384,18.312702,2.3466384,18.312702
2026-09-16 20:00:00,10.950356,2.3421001,18.343657,2.3421001,18.343657
2026-09-16 21:00:00,10.909367,2.3833256,18.286749,2.3833256,18.286749
2026-09-16 22:00:00,10.948506,2.3617063,18.399166,2.3617063,18.399166
2026-09-16 23:00:00,10.963796,2.3512142,18.472155,2.3512142,18.472155
2026-09-17 00:00:00,11.033927,2.3875759,18.596855,2.3875759,18.596855
2026-09-17 01:00:00,11.087168,2.4014137,18.68916,2.4014137,18.68916
2026-09-17 02:00:00,11.124962,2.4518852,18.761927,2.4518852,18.761927
2026-09-17 03:00:00,11.105623,2.398748,18.781187,2.398748,18.781187
2026-09-17 04:00:00,11.138212,2.422736,18.835072,2.422736,18.835072
2026-09-17 05:00:00,11.104208,2.4261343,18.789629,2.4261343,18.789629
2026-09-17 06:00:00,11.103939,2.4437275,18.82296,2.4437275,18.82296
2026-09-17 07:00:00,11.056305,2.430427,18.787668,2.430427,18.787668
2026-09-17 08:00:00,11.084971,2.4171138,18.823814,2.4171138,18.823814
2026-09-17 09:00:00,11.079933,2.3900106,18.824694,2.3900106,18.824694
2026-09-17 10:00:00,11.062363,2.3651395,18.786358,2.3651395,18.786358
2026-09-17 11:00:00,11.029418,2.3192525,18.755085,2.3192525,18.755085
2026-09-17 12:00:00,11.021892,2.3305655,18.748356,2.3305655,18.748356
2026-09-17 13:00:00,10.977791,2.289289,18.66696,2.289289,18.66696
2026-09-17 14:00:00,10.959432,2.251685,18.64515,2.251685,18.64515
2026-09-17 15:00:00,10.9472065,2.2040966,18.667461,2.2040966,18.667461
2026-09-17 16:00:00,10.964732,2.217916,18.67746,2.217916,18.67746
2026-09-17 17:00:00,10.973642,2.1939404,18.690495,2.1939404,18.690495
2026-09-17 18:00:00,10.997261,2.2196867,18.74862,2.2196867,18.74862
2026-09-17 19:00:00,10.9484215,2.2496383,18.684278,2.2496383,18.684278
2026-09-17 20:00:00,10.972738,2.2407875,18.79984,2.2407875,18.79984
2026-09-17 21:00:00,10.9769945,2.2641435,18.818937,2.2641435,18.818937
2026-09-17 22:00:00,10.954475,2.2691584,18.817158,2.2691584,18.817158
2026-09-17 23:00:00,10.952574,2.2403095,18.763168,2.2403095,18.763168
2026-09-18 00:00:00,10.98695,2.258502,18.770306,2.258502,18.770306
2026-09-18 01:00:00,10.971535,2.195922,18.75287,2.195922,18.75287
2026-09-18 02:00:00,11.001688,2.2434342,18.738407,2.2434342,18.738407
2026-09-18 03:00:00,10.949426,2.1815557,18.70442,2.1815557,18.70442
2026-09-18 04:00:00,10.932661,2.1662292,18.690834,2.1662292,18.690834
2026-09-18 05:00:00,10.881427,2.1947722,18.624252,2.1947722,18.624252
2026-09-18 06:00:00,10.898793,2.1843002,18.694645,2.1843002,18.694645
2026-09-18 07:00:00,10.910408,2.1418087,18.770193,2.1418087,18.770193
2026-09-18 08:00:00,10.915707,2.132047,18.850073,2.132047,18.850073
2026-09-18 09:00:00,10.886366,2.062599,18.863941,2.062599,18.863941
2026-09-18 10:00:00,10.889469,2.1087418,18.927696,2.1087418,18.927696
2026-09-18 11:00:00,10.841444,2.0451305,18.941866,2.0451305,18.941866
2026-09-18 12:00:00,10.863508,2.0600488,19.02572,2.0600488,19.02572
2026-09-18 13:00:00,10.842942,2.0762615,19.059013,2.0762615,19.059013
2026-09-18 14:00:00,10.857004,2.1167545,19.148602,2.1167545,19.148602
2026-09-18 15:00:00,10.81896,2.0869853,19.168312,2.0869853,19.168312
2026-09-18 16:00:00,10.855619,2.07551,19.236534,2.07551,19.236534
2026-09-18 17:00:00,10.89414,2.0371475,19.324923,2.0371475,19.324923
2026-09-18 18:00:00,10.901312,1.9840695,19.360113,1.9840695,19.360113
2026-09-18 19:00:00,10.876631,1.9363524,19.385498,1.9363524,19.385498
2026-09-18 20:00:00,10.910671,1.9673182,19.43842,1.9673182,19.43842
2026-09-18 21:00:00,10.877247,1.9215641,19.43488,1.9215641,19.43488
2026-09-18 22:00:00,10.848573,1.9009401,19.439518,1.9009401,19.439518
2026-09-18 23:00:00,10.803716,1.8514757,19.44783,1.8514757,19.44783
2026-09-19 00:00:00,10.823254,1.862829,19.480034,1.862829,19.480034
2026-09-19 01:00:00,10.80684,1.8241614,19.47921,1.8241614,19.47921
2026-09-19 02:00:00,10.8203,1.8306005,19.554394,1.8306005,19.554394
2026-09-19 03:00:00,10.788566,1.8687901,19.535896,1.8687901,19.535896
2026-09-19 04:00:00,10.820396,1.8899254,19.686092,1.8899254,19.686092
2026-09-19 05:00:00,10.827607,1.8891354,19.702343,1.8891354,19.702343
2026-09-19 06:00:00,10.84779,1.9136872,19.747448,1.9136872,19.747448
2026-09-19 07:00:00,10.838452,1.857402,19.711136,1.857402,19.711136
2026-09-19 08:00:00,10.879401,1.8768983,19.738214,1.8768983,19.738214
2026-09-19 09:00:00,10.881315,1.7748783,19.817095,1.7748783,19.817095
2026-09-19 10:00:00,10.946557,1.8620692,19.874317,1.8620692,19.874317
2026-09-19 11:00:00,10.907582,1.7581469,19.906273,1.7581469,19.906273
2026-09-19 12:00:00,10.902318,1.7125511,19.947422,1.7125511,19.947422
2026-09-19 13:00:00,10.857937,1.7362347,19.880474,1.7362347,19.880474
2026-09-19 14:00:00,10.868174,1.7081583,19.908653,1.7081583,19.908653
2026-09-19 15:00:00,10.887905,1.6865152,19.954878,1.6865152,19.954878
2026-09-19 16:00:00,10.894297,1.6559448,20.013105,1.6559448,20.013105
2026-09-19 17:00:00,10.872191,1.6026325,19.967337,1.6026325,19.967337
2026-09-19 18:00:00,10.890267,1.673763,19.987778,1.673763,19.987778
2026-09-19 19:00:00,10.788132,1.5772423,19.901255,1.5772423,19.901255
2026-09-19 20:00:00,10.787057,1.6220679,19.925144,1.6220679,19.925144
2026-09-19 21:00:00,10.720126,1.6367853,19.870699,1.6367853,19.870699
2026-09-19 22:00:00,10.731032,1.6840866,19.94149,1.6840866,19.94149
2026-09-19 23:00:00,10.669993,1.6357485,19.917347,1.6357485,19.917347
2026-09-20 00:00:00,10.678447,1.6168497,19.91721,1.6168497,19.91721
2026-09-20 01:00:00,10.692121,1.5736208,19.94922,1.5736208,19.94922
2026-09-20 02:00:00,10.65344,1.4946306,19.923729,1.4946306,19.923729
2026-09-20 03:00:00,10.599851,1.4689009,19.85083,1.4689009,19.85083
2026-09-20 04:00:00,10.637905,1.5254066,19.869894,1.5254066,19.869894
2026-09-20 05:00:00,10.6213,1.5197351,19.822552,1.5197351,19.822552
2026-09-20 06:00:00,10.611326,1.5213861,19.782234,1.5213861,19.782234
2026-09-20 07:00:00,10.590118,1.5193869,19.73468,1.5193869,19.73468
2026-09-20 08:00:00,10.6096325,1.531351,19.744715,1.531351,19.744715
2026-09-20 09:00:00,10.59382,1.5163872,19.701183,1.5163872,19.701183
2026-09-20 10:00:00,10.615138,1.5394857,19.736942,1.5394857,19.736942
2026-09-20 11:00:00,10.576874,1.5768712,19.679201,1.5768712,19.679201
2026-09-20 12:00:00,10.596025,1.5858294,19.756348,1.5858294,19.756348
2026-09-20 13:00:00,10.609877,1.6166835,19.7527,1.6166835,19.7527
2026-09-20 14:00:00,10.602535,1.5915211,19.749687,1.5915211,19.749687
2026-09-20 15:00:00,10.608755,1.5691607,19.641636,1.5691607,19.641636
2026-09-20 16:00:00,10.694084,1.6333337,19.639292,1.6333337,19.639292
2026-09-20 17:00:00,10.71804,1.6095864,19.61805,1.6095864,19.61805
2026-09-20 18:00:00,10.754651,1.6699728,19.580246,1.6699728,19.580246
2026-09-20 19:00:00,10.711866,1.626918,19.541187,1.626918,19.541187
2026-09-20 20:00:00,10.6876335,1.6054707,19.48322,1.6054707,19.48322
2026-09-20 21:00:00,10.647876,1.6210041,19.429754,1.6210041,19.429754
2026-09-20 22:00:00,10.673285,1.6083273,19.478386,1.6083273,19.478386
2026-09-20 23:00:00,10.720529,1.586491,19.585495,1.586491,19.585495
2026-09-21 00:00:00,10.761619,1.6280425,19.657593,1.6280425,19.657593
2026-09-21 01:00:00,10.76582,1.6385038,19.663826,1.6385038,19.663826
2026-09-21 02:00:00,10.743719,1.6884254,19.645279,1.6884254,19.645279
2026-09-21 03:00:00,10.677671,1.6383461,19.570087,1.6383461,19.570087
2026-09-21 04:00:00,10.725673,1.7174835,19.611265,1.7174835,19.611265
2026-09-21 05:00:00,10.718108,1.8015355,19.58125,1.8015355,19.58125
2026-09-21 06:00:00,10.727023,1.8437498,19.604961,1.8437498,19.604961
2026-09-21 07:00:00,10.68675,1.796092,19.5523,1.796092,19.5523
2026-09-21 08:00:00,10.684216,1.7594774,19.492825,1.7594774,19.492825
2026-09-21 09:00:00,10.713951,1.7311406,19.528996,1.7311406,19.528996
2026-09-21 10:00:00,10.731367,1.685797,19.527582,1.685797,19.527582
2026-09-21 11:00:00,10.733915,1.6797626,19.515038,1.6797626,19.515038
2026-09-21 12:00:00,10.755632,1.693273,19.524014,1.693273,19.524014
2026-09-21 13:00:00,10.724905,1.6530747,19.452663,1.6530747,19.452663
2026-09-21 14:00:00,10.697821,1.6300182,19.40448,1.6300182,19.40448
2026-09-21 15:00:00,10.678294,1.6026778,19.36782,1.6026778,19.36782
2026-09-21 16:00:00,10.72141,1.6418462,19.365883,1.6418462,19.365883
2026-09-21 17:00:00,10.742636,1.6335611,19.364206,1.6335611,19.364206
2026-09-21 18:00:00,10.761179,1.6573629,19.385273,1.6573629,19.385273
2026-09-21 19:00:00,10.720628,1.6771798,19.312561,1.6771798,19.312561
2026-09-21 20:00:00,10.717556,1.6406823,19.373867,1.6406823,19.373867
2026-09-21 21:00:00,10.713344,1.6268406,19.342499,1.6268406,19.342499
2026-09-21 22:00:00,10.702068,1.6424096,19.305649,1.6424096,19.305649
2026-09-21 23:00:00,10.698567,1.6111618,19.233864,1.6111618,19.233864
2026-09-22 00:00:00,10.715115,1.611321,19.227636,1.611321,19.227636
2026-09-22 01:00:00,10.693974,1.5732207,19.188007,1.5732207,19.188007
2026-09-22 02:00:00,10.712392,1.6115276,19.142004,1.6115276,19.142004
2026-09-22 03:00:00,10.640778,1.5258387,19.062603,1.5258387,19.062603
2026-09-22 04:00:00,10.586427,1.4736567,18.95818,1.4736567,18.95818
2026-09-22 05:00:00,10.542252,1.5112352,18.893368,1.5112352,18.893368
2026-09-22 06:00:00,10.56364,1.5067129,18.949978,1.5067129,18.949978
2026-09-22 07:00:00,10.583799,1.4726197,19.037453,1.4726197,19.037453
2026-09-22 08:00:00,10.600092,1.4897214,19.12383,1.4897214,19.12383
2026-09-22 09:00:00,10.609071,1.5012491,19.15768,1.5012491,19.15768
2026-09-22 10:00:00,10.628671,1.5681791,19.225914,1.5681791,19.225914
2026-09-22 11:00:00,10.555396,1.501924,19.191921,1.501924,19.191921
2026-09-22 12:00:00,10.601772,1.5191746,19.292616,1.5191746,19.292616
2026-09-22 13:00:00,10.584789,1.5697792,19.287804,1.5697792,19.287804
2026-09-22 14:00:00,10.598215,1.5966356,19.376085,1.5966356,19.376085
2026-09-22 15:00:00,10.564848,1.6055572,19.364685,1.6055572,19.364685
2026-09-22 16:00:00,10.603714,1.6400557,19.394606,1.6400557,19.394606
2026-09-22 17:00:00,10.639664,1.6574428,19.49339,1.6574428,19.49339
2026-09-22 18:00:00,10.635893,1.6347275,19.516178,1.6347275,19.516178
2026-09-22 19:00:00,10.576331,1.6039312,19.5,1.6039312,19.5
2026-09-22 20:00:00,10.56633,1.5921888,19.508518,1.5921888,19.508518
2026-09-22 21:00:00,10.531367,1.5499042,19.520096,1.5499042,19.520096
2026-09-22 22:00:00,10.506224,1.5552069,19.50843,1.5552069,19.50843
2026-09-22 23:00:00,10.488295,1.5829258,19.524645,1.5829258,19.524645
2026-09-23 00:00:00,10.508944,1.6210144,19.569572,1.6210144,19.569572
2026-09-23 01:00:00,10.491238,1.5837047,19.56033,1.5837047,19.56033
2026-09-23 02:00:00,10.499322,1.5980906,19.593771,1.5980906,19.593771
2026-09-23 03:00:00,10.471228,1.6192642,19.579216,1.6192642,19.579216
2026-09-23 04:00:00,10.475299,1.6077487,19.663008,1.6077487,19.663008
2026-09-23 05:00:00,10.48743,1.641849,19.719547,1.641849,19.719547
2026-09-23 06:00:00,10.504928,1.701328,19.771814,1.701328,19.771814
2026-09-23 07:00:00,10.495907,1.6792152,19.76885,1.6792152,19.76885
2026-09-23 08:00:00,10.524172,1.7003089,19.780897,1.7003089,19.780897
2026-09-23 09:00:00,10.499415,1.6428742,19.822487,1.6428742,19.822487
2026-09-23 10:00:00,10.535924,1.6974185,19.888412,1.6974185,19.888412
2026-09-23 11:00:00,10.509427,1.6592437,19.992844,1.6592437,19.992844
2026-09-23 12:00:00,10.603251,1.7231398,20.174389,1.7231398,20.174389
2026-09-23 13:00:00,10.536763,1.744606,20.097721,1.744606,20.097721
2026-09-23 14:00:00,10.508543,1.6933541,20.061104,1.6933541,20.061104
2026-09-23 15:00:00,10.505627,1.6137714,20.123117,1.6137714,20.123117
2026-09-23 16:00:00,10.5337,1.6079662,20.200842,1.6079662,20.200842
2026-09-23 17:00:00,10.53259,1.6243291,20.16389,1.6243291,20.16389
2026-09-23 18:00:00,10.53503,1.6354337,20.181555,1.6354337,20.181555
2026-09-23 19:00:00,10.47778,1.5598694,20.134583,1.5598694,20.134583
2026-09-23 20:00:00,10.496637,1.5838066,20.159801,1.5838066,20.159801
2026-09-23 21:00:00,10.458759,1.608505,20.109621,1.608505,20.109621
2026-09-23 22:00:00,10.45719,1.6090008,20.147463,1.6090008,20.147463
2026-09-23 23:00:00,10.398664,1.5509893,20.059364,1.5509893,20.059364
2026-09-24 00:00:00,10.428969,1.5391613,20.049894,1.5391613,20.049894
2026-09-24 01:00:00,10.435085,1.4877641,20.047905,1.4877641,20.047905
2026-09-24 02:00:00,10.433773,1.4052767,19.996843,1.4052767,19.996843
2026-09-24 03:00:00,10.413359,1.3734963,19.929394,1.3734963,19.929394
2026-09-24 04:00:00,10.419186,1.3565114,19.902706,1.3565114,19.902706
2026-09-24 05:00:00,10.388278,1.3282795,19.855556,1.3282795,19.855556
2026-09-24 06:00:00,10.365978,1.3132267,19.79502,1.3132267,19.79502
2026-09-24 07:00:00,10.331167,1.2752774,19.757193,1.2752774,19.757193
2026-09-24 08:00:00,10.334119,1.2546711,19.740202,1.2546711,19.740202
2026-09-24 09:00:00,10.309977,1.2092615,19.70086,1.2092615,19.70086
2026-09-24 10:00:00,10.321196,1.2137967,19.722256,1.2137967,19.722256
2026-09-24 11:00:00,10.295397,1.2190502,19.686474,1.2190502,19.686474
2026-09-24 12:00:00,10.320044,1.1948737,19.76504,1.1948737,19.76504
2026-09-24 13:00:00,10.337864,1.1963654,19.762924,1.1963654,19.762924
2026-09-24 14:00:00,10.306126,1.182309,19.67519,1.182309,19.67519
2026-09-24 15:00:00,10.281489,1.0938963,19.578573,1.0938963,19.578573
2026-09-24 16:00:00,10.325253,1.1000577,19.528423,1.1000577,19.528423
2026-09-24 17:00:00,10.317021,1.0402243,19.487354,1.0402243,19.487354
2026-09-24 18:00:00,10.346723,1.0360281,19.454123,1.0360281,19.454123
2026-09-24 19:00:00,10.287943,0.9364311,19.401669,0.9364311,19.401669
2026-09-24 20:00:00,10.289154,0.9086027,19.37637,0.9086027,19.37637
2026-09-24 21:00:00,10.270183,0.94479275,19.380043,0.94479275,19.380043
2026-09-24 22:00:00,10.298424,0.94053113,19.458239,0.94053113,19.458239
2026-09-24 23:00:00,10.307659,0.90503055,19.534267,0.90503055,19.534267
2026-09-25 00:00:00,10.3437,0.9262242,19.62892,0.9262242,19.62892
2026-09-25 01:00:00,10.325624,0.9128586,19.630436,0.9128586,19.630436
2026-09-25 02:00:00,10.335606,0.9673431,19.649555,0.9673431,19.649555
2026-09-25 03:00:00,10.272606,0.9311398,19.602266,0.9311398,19.602266
2026-09-25 04:00:00,10.2834215,0.9766927,19.638569,0.9766927,19.638569
2026-09-25 05:00:00,10.2286,1.0132709,19.610416,1.0132709,19.610416
2026-09-25 06:00:00,10.213474,1.0310118,19.663464,1.0310118,19.663464
2026-09-25 07:00:00,10.152246,0.9966723,19.595459,0.9966723,19.595459
2026-09-25 08:00:00,10.16987,0.9979569,19.595512,0.9979569,19.595512
2026-09-25 09:00:00,10.180381,0.97449684,19.652512,0.97449684,19.652512
2026-09-25 10:00:00,10.180372,0.9316635,19.657272,0.9316635,19.657272
2026-09-25 11:00:00,10.154627,0.91772187,19.655321,0.91772187,19.655321
2026-09-25 12:00:00,10.195625,0.946813,19.708643,0.946813,19.708643
2026-09-25 13:00:00,10.1669655,0.92988074,19.690191,0.92988074,19.690191
2026-09-25 14:00:00,10.164104,0.9470825,19.66896,0.9470825,19.66896
2026-09-25 15:00:00,10.136679,0.93904746,19.64429,0.93904746,19.64429
2026-09-25 16:00:00,10.180922,0.99271333,19.66674,0.99271333,19.66674
2026-09-25 17:00:00,10.189432,0.97851837,19.66091,0.97851837,19.66091
2026-09-25 18:00:00,10.220754,1.0021198,19.705608,1.0021198,19.705608
2026-09-25 19:00:00,10.174143,1.0052108,19.65335,1.0052108,19.65335
2026-09-25 20:00:00,10.187911,1.0142299,19.73886,1.0142299,19.73886
2026-09-25 21:00:00,10.222109,1.0611768,19.77489,1.0611768,19.77489
2026-09-25 22:00:00,10.23329,1.1063185,19.755705,1.1063185,19.755705
2026-09-25 23:00:00,10.202224,1.0372827,19.667532,1.0372827,19.667532
2026-09-26 00:00:00,10.242373,1.0536798,19.633823,1.0536798,19.633823
2026-09-26 01:00:00,10.198993,0.98433614,19.589949,0.98433614,19.589949
2026-09-26 02:00:00,10.226083,1.0119781,19.602503,1.0119781,19.602503
2026-09-26 03:00:00,10.181648,0.9659019,19.626417,0.9659019,19.626417
2026-09-26 04:00:00,10.187351,0.9785843,19.651678,0.9785843,19.651678
2026-09-26 05:00:00,10.128648,0.96789074,19.637112,0.96789074,19.637112
2026-09-26 06:00:00,10.14337,0.9569617,19.698278,0.9569617,19.698278
2026-09-26 07:00:00,10.110739,0.8585906,19.756725,0.8585906,19.756725
2026-09-26 08:00:00,10.133353,0.8708967,19.842592,0.8708967,19.842592
2026-09-26 09:00:00,10.108614,0.8335546,19.865726,0.8335546,19.865726
2026-09-26 10:00:00,10.13876,0.88252383,19.930561,0.88252383,19.930561
2026-09-26 11:00:00,10.066079,0.83157563,19.898766,0.83157563,19.898766
2026-09-26 12:00:00,10.0894165,0.87024915,19.97062,0.87024915,19.97062
2026-09-26 13:00:00,10.004694,0.87410164,19.924028,0.87410164,19.924028
2026-09-26 14:00:00,9.997089,0.89127386,19.998707,0.89127386,19.998707
2026-09-26 15:00:00,9.947668,0.8643891,19.943573,0.8643891,19.943573
2026-09-26 16:00:00,10.007567,0.8993646,19.977596,0.8993646,19.977596
2026-09-26 17:00:00,10.025534,0.87857723,20.02745,0.87857723,20.02745
2026-09-26 18:00:00,10.033997,0.8366765,20.019423,0.8366765,20.019423
2026-09-26 19:00:00,9.967487,0.79732573,19.962482,0.79732573,19.962482
2026-09-26 20:00:00,9.976503,0.81552494,19.972675,0.81552494,19.972675
2026-09-26 21:00:00,9.955703,0.82383114,19.958347,0.82383114,19.958347
2026-09-26 22:00:00,9.96627,0.8525069,19.956095,0.8525069,19.956095
2026-09-26 23:00:00,9.935475,0.82613623,19.925816,0.82613623,19.925816
2026-09-27 00:00:00,9.97801,0.8707427,19.956371,0.8707427,19.956371
2026-09-27 01:00:00,9.955627,0.82941437,19.924767,0.82941437,19.924767
2026-09-27 02:00:00,9.976202,0.83895314,19.980719,0.83895314,19.980719
2026-09-27 03:00:00,9.915762,0.8335819,19.915865,0.8335819,19.915865
2026-09-27 04:00:00,9.933142,0.8496858,20.010916,0.8496858,20.010916
2026-09-27 05:00:00,9.939253,0.8706063,20.017775,0.8706063,20.017775
2026-09-27 06:00:00,9.942136,0.9180597,20.007095,0.9180597,20.007095
2026-09-27 07:00:00,9.917228,0.8562801,19.933184,0.8562801,19.933184
2026-09-27 08:00:00,9.967908,0.89970756,19.912441,0.89970756,19.912441
2026-09-27 09:00:00,9.948236,0.8265527,19.900103,0.8265527,19.900103
2026-09-27 10:00:00,9.980194,0.8427111,19.897827,0.8427111,19.897827
2026-09-27 11:00:00,9.923316,0.76518124,19.8907,0.76518124,19.8907
2026-09-27 12:00:00,9.915789,0.75302315,19.909218,0.75302315,19.909218
2026-09-27 13:00:00,9.840198,0.7375097,19.88544,0.7375097,19.88544
2026-09-27 14:00:00,9.849632,0.73608744,19.93155,0.73608744,19.93155
2026-09-27 15:00:00,9.861724,0.67607385,20.043,0.67607385,20.043
2026-09-27 16:00:00,9.90268,0.6841933,20.118427,0.6841933,20.118427
2026-09-27 17:00:00,9.87347,0.6394113,20.074911,0.6394113,20.074911
2026-09-27 18:00:00,9.904872,0.70599645,20.09011,0.70599645,20.09011
2026-09-27 19:00:00,9.827017,0.66648436,20.028225,0.66648436,20.028225
2026-09-27 20:00:00,9.840424,0.7137747,20.066832,0.7137747,20.066832
2026-09-27 21:00:00,9.778538,0.7599627,20.023134,0.7599627,20.023134
2026-09-27 22:00:00,9.787473,0.80999637,20.094185,0.80999637,20.094185
2026-09-27 23:00:00,9.718496,0.7874984,20.00425,0.7874984,20.00425
2026-09-28 00:00:00,9.730257,0.78368664,19.979965,0.78368664,19.979965
2026-09-28 01:00:00,9.709085,0.75995827,19.971786,0.75995827,19.971786
2026-09-28 02:00:00,9.70401,0.71132827,19.95087,0.71132827,19.95087
2026-09-28 03:00:00,9.669052,0.7380186,19.907715,0.7380186,19.907715
2026-09-28 04:00:00,9.687595,0.78899246,19.903296,0.78899246,19.903296
2026-09-28 05:00:00,9.652182,0.82631713,19.842028,0.82631713,19.842028
2026-09-28 06:00:00,9.621784,0.84895444,19.783073,0.84895444,19.783073
2026-09-28 07:00:00,9.56361,0.82633233,19.709131,0.82633233,19.709131
2026-09-28 08:00:00,9.562119,0.85159373,19.701046,0.85159373,19.701046
2026-09-28 09:00:00,9.54774,0.8698017,19.666946,0.8698017,19.666946
2026-09-28 10:00:00,9.562603,0.900237,19.719929,0.900237,19.719929
2026-09-28 11:00:00,9.496517,0.92556864,19.652569,0.92556864,19.652569
2026-09-28 12:00:00,9.504394,0.9581914,19.719805,0.9581914,19.719805
2026-09-28 13:00:00,9.504913,0.98824716,19.725359,0.98824716,19.725359
2026-09-28 14:00:00,9.499178,1.0096467,19.717243,1.0096467,19.717243
2026-09-28 15:00:00,9.494675,0.9743414,19.612352,0.9743414,19.612352
2026-09-28 16:00:00,9.557003,1.0105262,19.576366,1.0105262,19.576366
2026-09-28 17:00:00,9.540291,0.9836113,19.513636,0.9836113,19.513636
2026-09-28 18:00:00,9.556764,0.9935243,19.476715,0.9935243,19.476715
2026-09-28 19:00:00,9.475155,0.945316,19.42756,0.945316,19.42756
2026-09-28 20:00:00,9.466216,0.97810555,19.407763,0.97810555,19.407763
2026-09-28 21:00:00,9.422651,0.9943733,19.411388,0.9943733,19.411388
2026-09-28 22:00:00,9.466395,0.9705101,19.523407,0.9705101,19.523407
2026-09-28 23:00:00,9.517473,0.9429973,19.624407,0.9429973,19.624407
2026-09-29 00:00:00,9.602111,0.9717176,19.75013,0.9717176,19.75013
2026-09-29 01:00:00,9.607102,0.95543367,19.734716,0.95543367,19.734716
2026-09-29 02:00:00,9.667504,1.0597763,19.766321,1.0597763,19.766321
2026-09-29 03:00:00,9.642089,1.0182095,19.747538,1.0182095,19.747538
2026-09-29 04:00:00,9.687762,1.0626411,19.79644,1.0626411,19.79644
2026-09-29 05:00:00,9.667253,1.1098233,19.764355,1.1098233,19.764355
2026-09-29 06:00:00,9.690418,1.1491891,19.81828,1.1491891,19.81828
2026-09-29 07:00:00,9.625781,1.1136342,19.740519,1.1136342,19.740519
2026-09-29 08:00:00,9.636372,1.118433,19.68602,1.118433,19.68602
2026-09-29 09:00:00,9.629761,1.1096237,19.712803,1.1096237,19.712803
2026-09-29 10:00:00,9.635195,1.0681217,19.698751,1.0681217,19.698751
2026-09-29 11:00:00,9.617815,1.0855535,19.691132,1.0855535,19.691132
2026-09-29 12:00:00,9.634735,1.1018981,19.686043,1.1018981,19.686043
2026-09-29 13:00:00,9.584677,1.0886513,19.60524,1.0886513,19.60524
2026-09-29 14:00:00,9.577054,1.0885639,19.57724,1.0885639,19.57724
2026-09-29 15:00:00,9.569124,1.0830007,19.543152,1.0830007,19.543152
2026-09-29 16:00:00,9.628359,1.1516213,19.561743,1.1516213,19.561743
2026-09-29 17:00:00,9.63215,1.1290927,19.569794,1.1290927,19.569794
2026-09-29 18:00:00,9.657124,1.1498584,19.62772,1.1498584,19.62772
2026-09-29 19:00:00,9.60059,1.1424812,19.566694,1.1424812,19.566694
2026-09-29 20:00:00,9.610682,1.1376265,19.633057,1.1376265,19.633057
2026-09-29 21:00:00,9.622149,1.1489031,19.639273,1.1489031,19.639273
2026-09-29 22:00:00,9.646916,1.2037246,19.66429,1.2037246,19.66429
2026-09-29 23:00:00,9.647826,1.1771022,19.588318,1.1771022,19.588318
2026-09-30 00:00:00,9.660479,1.1883526,19.536102,1.1883526,19.536102
2026-09-30 01:00:00,9.596035,1.1118904,19.459484,1.1118904,19.459484
2026-09-30 02:00:00,9.625312,1.1417459,19.462149,1.1417459,19.462149
2026-09-30 03:00:00,9.552752,1.06988,19.426466,1.06988,19.426466
2026-09-30 04:00:00,9.566718,1.1040583,19.429106,1.1040583,19.429106
2026-09-30 05:00:00,9.544709,1.1289692,19.431992,1.1289692,19.431992
2026-09-30 06:00:00,9.559882,1.0780822,19.50657,1.0780822,19.50657
2026-09-30 07:00:00,9.531297,1.0089749,19.524681,1.0089749,19.524681
2026-09-30 08:00:00,9.5311985,0.9451398,19.63398,0.9451398,19.63398
2026-09-30 09:00:00,9.486518,0.91180253,19.578796,0.91180253,19.578796
2026-09-30 10:00:00,9.538645,1.0033513,19.651901,1.0033513,19.651901
2026-09-30 11:00:00,9.50248,0.969017,19.640192,0.969017,19.640192
2026-09-30 12:00:00,9.539772,1.0398874,19.6958,1.0398874,19.6958
2026-09-30 13:00:00,9.500082,1.0638441,19.704544,1.0638441,19.704544
2026-09-30 14:00:00,9.490582,1.0722388,19.751507,1.0722388,19.751507
2026-09-30 15:00:00,9.439978,1.0310618,19.717222,1.0310618,19.717222
2026-09-30 16:00:00,9.512971,1.0799382,19.751366,1.0799382,19.751366
2026-09-30 17:00:00,9.569284,1.0920048,19.846802,1.0920048,19.846802
2026-09-30 18:00:00,9.573227,1.0400406,19.836088,1.0400406,19.836088
2026-09-30 19:00:00,9.513809,0.984048,19.809525,0.984048,19.809525
2026-09-30 20:00:00,9.501795,0.9909262,19.76012,0.9909262,19.76012
2026-09-30 21:00:00,9.447966,0.96115947,19.705162,0.96115947,19.705162
2026-09-30 22:00:00,9.4555645,0.98970145,19.686663,0.98970145,19.686663
2026-09-30 23:00:00,9.433794,0.98862827,19.635448,0.98862827,19.635448
2026-10-01 00:00:00,9.491074,1.0541232,19.666225,1.0541232,19.666225
2026-10-01 01:00:00,9.46257,1.0170151,19.625679,1.0170151,19.625679
2026-10-01 02:00:00,9.477078,1.0277303,19.664093,1.0277303,19.664093
2026-10-01 03:00:00,9.410575,1.0145146,19.584248,1.0145146,19.584248
2026-10-01 04:00:00,9.455858,1.0353196,19.689844,1.0353196,19.689844
2026-10-01 05:00:00,9.4775,1.0325042,19.714598,1.0325042,19.714598
2026-10-01 06:00:00,9.528241,1.1016321,19.760508,1.1016321,19.760508
2026-10-01 07:00:00,9.514343,1.0514388,19.680677,1.0514388,19.680677
2026-10-01 08:00:00,9.540567,1.0490292,19.653595,1.0490292,19.653595
2026-10-01 09:00:00,9.54369,1.003232,19.658844,1.003232,19.658844
2026-10-01 10:00:00,9.6173,1.0586145,19.693369,1.0586145,19.693369
2026-10-01 11:00:00,9.568507,0.982268,19.703121,0.982268,19.703121
2026-10-01 12:00:00,9.60639,1.0124035,19.763134,1.0124035,19.763134
2026-10-01 13:00:00,9.568356,1.0186367,19.766602,1.0186367,19.766602
2026-10-01 14:00:00,9.573921,1.0057552,19.802153,1.0057552,19.802153
2026-10-01 15:00:00,9.565512,0.9108077,19.881136,0.9108077,19.881136
2026-10-01 16:00:00,9.611567,0.9681058,19.960777,0.9681058,19.960777
2026-10-01 17:00:00,9.584569,0.92889726,19.92794,0.92889726,19.92794
2026-10-01 18:00:00,9.603514,1.0024755,19.961563,1.0024755,19.961563
2026-10-01 19:00:00,9.506125,0.9175,19.891497,0.9175,19.891497
2026-10-01 20:00:00,9.499937,0.9507231,19.90849,0.9507231,19.90849
2026-10-01 21:00:00,9.426982,0.98895097,19.832027,0.98895097,19.832027
2026-10-01 22:00:00,9.424116,1.0145782,19.86115,1.0145782,19.86115
2026-10-01 23:00:00,9.3364935,0.9884798,19.754108,0.9884798,19.754108
2026-10-02 00:00:00,9.334417,0.9900948,19.70116,0.9900948,19.70116
2026-10-02 01:00:00,9.308758,0.9714799,19.71508,0.9714799,19.71508
2026-10-02 02:00:00,9.2796545,0.91583955,19.698048,0.91583955,19.698048
2026-10-02 03:00:00,9.230167,0.9378885,19.670982,0.9378885,19.670982
2026-10-02 04:00:00,9.265446,1.0016971,19.691074,1.0016971,19.691074
2026-10-02 05:00:00,9.242657,1.0425973,19.666063,1.0425973,19.666063
2026-10-02 06:00:00,9.256788,1.1064224,19.666882,1.1064224,19.666882
2026-10-02 07:00:00,9.229057,1.0906582,19.629112,1.0906582,19.629112
2026-10-02 08:00:00,9.248798,1.1023757,19.653091,1.1023757,19.653091
2026-10-02 09:00:00,9.226176,1.0734532,19.621597,1.0734532,19.621597
2026-10-02 10:00:00,9.2817745,1.1084955,19.716461,1.1084955,19.716461
2026-10-02 11:00:00,9.246653,1.1232653,19.68538,1.1232653,19.68538
2026-10-02 12:00:00,9.297956,1.1507001,19.793922,1.1507001,19.793922
2026-10-02 13:00:00,9.319161,1.1659646,19.842846,1.1659646,19.842846
2026-10-02 14:00:00,9.343838,1.1864331,19.887505,1.1864331,19.887505
2026-10-02 15:00:00,9.348618,1.1420019,19.793867,1.1420019,19.793867
2026-10-02 16:00:00,9.481878,1.2037541,19.854591,1.2037541,19.854591
2026-10-02 17:00:00,9.512449,1.250602,19.814249,1.250602,19.814249
2026-10-02 18:00:00,9.539577,1.261712,19.784554,1.261712,19.784554
2026-10-02 19:00:00,9.469044,1.2071195,19.715681,1.2071195,19.715681
2026-10-02 20:00:00,9.47011,1.2351999,19.661106,1.2351999,19.661106
2026-10-02 21:00:00,9.433058,1.2325878,19.645525,1.2325878,19.645525
2026-10-02 22:00:00,9.486627,1.227528,19.734816,1.227528,19.734816
2026-10-02 23:00:00,9.530597,1.1334138,19.894798,1.1334138,19.894798
2026-10-03 00:00:00,9.620894,1.2087634,20.020737,1.2087634,20.020737
2026-10-03 01:00:00,9.61741,1.1708544,20.057966,1.1708544,20.057966
2026-10-03 02:00:00,9.648574,1.2395333,20.10678,1.2395333,20.10678
2026-10-03 03:00:00,9.608133,1.2119681,20.070518,1.2119681,20.070518
2026-10-03 04:00:00,9.678928,1.309588,20.166103,1.309588,20.166103
2026-10-03 05:00:00,9.678057,1.3992718,20.173748,1.3992718,20.173748
2026-10-03 06:00:00,9.73197,1.4392389,20.248661,1.4392389,20.248661
2026-10-03 07:00:00,9.67791,1.4148779,20.15119,1.4148779,20.15119
2026-10-03 08:00:00,9.699592,1.4016149,20.107433,1.4016149,20.107433
2026-10-03 09:00:00,9.728585,1.4108577,20.173668,1.4108577,20.173668
2026-10-03 10:00:00,9.781319,1.3769298,20.22266,1.3769298,20.22266
2026-10-03 11:00:00,9.779354,1.3767766,20.261803,1.3767766,20.261803
2026-10-03 12:00:00,9.810796,1.3856791,20.308727,1.3856791,20.308727
2026-10-03 13:00:00,9.757205,1.357299,20.242702,1.357299,20.242702
2026-10-03 14:00:00,9.735718,1.3713211,20.227493,1.3713211,20.227493
2026-10-03 15:00:00,9.707785,1.3368652,20.222614,1.3368652,20.222614
2026-10-03 16:00:00,9.764446,1.4183462,20.284489,1.4183462,20.284489
2026-10-03 17:00:00,9.7514305,1.4280525,20.281303,1.4280525,20.281303
2026-10-03 18:00:00,9.757813,1.4683801,20.33217,1.4683801,20.33217
2026-10-03 19:00:00,9.663632,1.4227796,20.283003,1.4227796,20.283003
2026-10-03 20:00:00,9.653307,1.3997827,20.33593,1.3997827,20.33593
2026-10-03 21:00:00,9.624988,1.3645604,20.337292,1.3645604,20.337292
2026-10-03 22:00:00,9.617121,1.4248306,20.348034,1.4248306,20.348034
2026-10-03 23:00:00,9.556924,1.3461038,20.284424,1.3461038,20.284424
2026-10-04 00:00:00,9.532534,1.3479683,20.249754,1.3479683,20.249754
2026-10-04 01:00:00,9.464747,1.3053547,20.228622,1.3053547,20.228622
2026-10-04 02:00:00,9.472457,1.3264987,20.255928,1.3264987,20.255928
2026-10-04 03:00:00,9.360121,1.2497492,20.21452,1.2497492,20.21452
2026-10-04 04:00:00,9.335047,1.2950773,20.213388,1.2950773,20.213388
2026-10-04 05:00:00,9.280077,1.3125849,20.180882,1.3125849,20.180882
2026-10-04 06:00:00,9.339832,1.2743511,20.324947,1.2743511,20.324947
2026-10-04 07:00:00,9.317459,1.2562481,20.311302,1.2562481,20.311302
2026-10-04 08:00:00,9.366724,1.2567332,20.493332,1.2567332,20.493332
2026-10-04 09:00:00,9.345408,1.2954748,20.48562,1.2954748,20.48562
2026-10-04 10:00:00,9.409854,1.3820252,20.619886,1.3820252,20.619886
2026-10-04 11:00:00,9.381326,1.3259871,20.616892,1.3259871,20.616892
2026-10-04 12:00:00,9.417086,1.3339067,20.716421,1.3339067,20.716421
2026-10-04 13:00:00,9.389893,1.3257471,20.716145,1.3257471,20.716145
2026-10-04 14:00:00,9.4240265,1.3543593,20.795101,1.3543593,20.795101
2026-10-04 15:00:00,9.4140415,1.3645775,20.794031,1.3645775,20.794031
2026-10-04 16:00:00,9.46726,1.4441442,20.791767,1.4441442,20.791767
2026-10-04 17:00:00,9.507074,1.4827883,20.903196,1.4827883,20.903196
2026-10-04 18:00:00,9.517092,1.4799933,20.896147,1.4799933,20.896147
2026-10-04 19:00:00,9.447236,1.432375,20.864708,1.432375,20.864708
2026-10-04 20:00:00,9.4647255,1.4371879,20.883705,1.4371879,20.883705
2026-10-04 21:00:00,9.41941,1.3978213,20.86609,1.3978213,20.86609
2026-10-04 22:00:00,9.417619,1.4306254,20.868916,1.4306254,20.868916
2026-10-04 23:00:00,9.40006,1.4428732,20.857038,1.4428732,20.857038
2026-10-05 00:00:00,9.418593,1.4764361,20.889645,1.4764361,20.889645
2026-10-05 01:00:00,9.402437,1.4408656,20.90031,1.4408656,20.90031
2026-10-05 02:00:00,9.42049,1.4735762,20.961758,1.4735762,20.961758
2026-10-05 03:00:00,9.365365,1.4542007,20.94105,1.4542007,20.94105
2026-10-05 04:00:00,9.358905,1.4309442,20.994164,1.4309442,20.994164
2026-10-05 05:00:00,9.367735,1.4324985,21.03127,1.4324985,21.03127
2026-10-05 06:00:00,9.382519,1.4600501,21.100891,1.4600501,21.100891
2026-10-05 07:00:00,9.366743,1.4170426,21.065895,1.4170426,21.065895
2026-10-05 08:00:00,9.416857,1.4538956,21.082426,1.4538956,21.082426
2026-10-05 09:00:00,9.390742,1.4128429,21.083721,1.4128429,21.083721
2026-10-05 10:00:00,9.432548,1.399687,21.154026,1.399687,21.154026
2026-10-05 11:00:00,9.455162,1.370878,21.287256,1.370878,21.287256
2026-10-05 12:00:00,9.684169,1.300087,21.79871,1.300087,21.79871
2026-10-05 13:00:00,9.593321,1.4863482,21.48105,1.4863482,21.48105
2026-10-05 14:00:00,9.552061,1.4177853,21.434557,1.4177853,21.434557
2026-10-05 15:00:00,9.497368,1.3390031,21.413149,1.3390031,21.413149
2026-10-05 16:00:00,9.511833,1.3661294,21.466005,1.3661294,21.466005
2026-10-05 17:00:00,9.476667,1.373901,21.423069,1.373901,21.423069
2026-10-05 18:00:00,9.476605,1.3615972,21.449432,1.3615972,21.449432
2026-10-05 19:00:00,9.435165,1.3378106,21.360825,1.3378106,21.360825
2026-10-05 20:00:00,9.428085,1.3725166,21.316357,1.3725166,21.316357
2026-10-05 21:00:00,9.405879,1.3557575,21.269003,1.3557575,21.269003
2026-10-05 22:00:00,9.428822,1.3858206,21.278347,1.3858206,21.278347
2026-10-05 23:00:00,9.38689,1.3366517,21.167826,1.3366517,21.167826
2026-10-06 00:00:00,9.417986,1.336204,21.115173,1.336204,21.115173
2026-10-06 01:00:00,9.410536,1.3264892,21.107327,1.3264892,21.107327
2026-10-06 02:00:00,9.411672,1.2721059,21.055592,1.2721059,21.055592
2026-10-06 03:00:00,9.362915,1.2670531,20.979847,1.2670531,20.979847
2026-10-06 04:00:00,9.381729,1.2697625,20.964813,1.2697625,20.964813
2026-10-06 05:00:00,9.385504,1.3032687,20.92891,1.3032687,20.92891
2026-10-06 06:00:00,9.402318,1.3368278,20.899954,1.3368278,20.899954
2026-10-06 07:00:00,9.385345,1.3177347,20.854897,1.3177347,20.854897
2026-10-06 08:00:00,9.441557,1.3504362,20.906395,1.3504362,20.906395
2026-10-06 09:00:00,9.434523,1.3403184,20.886745,1.3403184,20.886745
2026-10-06 10:00:00,9.4526825,1.3572465,20.91542,1.3572465,20.91542
2026-10-06 11:00:00,9.43936,1.365446,20.897762,1.365446,20.897762
2026-10-06 12:00:00,9.460965,1.3581097,20.934662,1.3581097,20.934662
2026-10-06 13:00:00,9.482336,1.3847876,20.94265,1.3847876,20.94265
2026-10-06 14:00:00,9.469262,1.4131196,20.885605,1.4131196,20.885605
2026-10-06 15:00:00,9.431489,1.3301852,20.764486,1.3301852,20.764486
2026-10-06 16:00:00,9.449062,1.336533,20.658567,1.336533,20.658567
2026-10-06 17:00:00,9.431201,1.2914177,20.612,1.2914177,20.612
2026-10-06 18:00:00,9.453306,1.2842951,20.565027,1.2842951,20.565027
2026-10-06 19:00:00,9.350318,1.1772875,20.468111,1.1772875,20.468111
2026-10-06 20:00:00,9.324887,1.1526899,20.39584,1.1526899,20.39584
2026-10-06 21:00:00,9.278521,1.1514626,20.366411,1.1514626,20.366411
2026-10-06 22:00:00,9.304133,1.1257123,20.430012,1.1257123,20.430012
2026-10-06 23:00:00,9.306892,1.1059129,20.479467,1.1059129,20.479467
2026-10-07 00:00:00,9.348258,1.1317912,20.56726,1.1317912,20.56726
2026-10-07 01:00:00,9.286888,1.0897075,20.5217,1.0897075,20.5217
2026-10-07 02:00:00,9.3002825,1.1492858,20.505657,1.1492858,20.505657
2026-10-07 03:00:00,9.25029,1.1159309,20.434582,1.1159309,20.434582
2026-10-07 04:00:00,9.254047,1.1530364,20.430964,1.1530364,20.430964
2026-10-07 05:00:00,9.229319,1.1622466,20.420465,1.1622466,20.420465
2026-10-07 06:00:00,9.252514,1.2089479,20.437296,1.2089479,20.437296
2026-10-07 07:00:00,9.200249,1.1682463,20.345375,1.1682463,20.345375
2026-10-07 08:00:00,9.217542,1.1844492,20.27576,1.1844492,20.27576
2026-10-07 09:00:00,9.228334,1.2006035,20.297306,1.2006035,20.297306
2026-10-07 10:00:00,9.253298,1.1816095,20.29204,1.1816095,20.29204
2026-10-07 11:00:00,9.236572,1.1890028,20.297827,1.1890028,20.297827
2026-10-07 12:00:00,9.297197,1.2522509,20.336956,1.2522509,20.336956
2026-10-07 13:00:00,9.283107,1.2678659,20.300821,1.2678659,20.300821
2026-10-07 14:00:00,9.288847,1.2998823,20.263023,1.2998823,20.263023
2026-10-07 15:00:00,9.274542,1.3136923,20.202042,1.3136923,20.202042
2026-10-07 16:00:00,9.33788,1.3772879,20.234432,1.3772879,20.234432
2026-10-07 17:00:00,9.337915,1.3769656,20.203266,1.3769656,20.203266
2026-10-07 18:00:00,9.354285,1.4097601,20.215645,1.4097601,20.215645
2026-10-07 19:00:00,9.309385,1.4097161,20.14784,1.4097161,20.14784
2026-10-07 20:00:00,9.29808,1.4134501,20.14861,1.4134501,20.14861
2026-10-07 21:00:00,9.281339,1.4497669,20.117294,1.4497669,20.117294
2026-10-07 22:00:00,9.291904,1.5353374,20.092325,1.5353374,20.092325
2026-10-07 23:00:00,9.254265,1.4891242,19.984892,1.4891242,19.984892
2026-10-08 00:00:00,9.246326,1.4915981,19.849207,1.4915981,19.849207
2026-10-08 01:00:00,9.170961,1.4200413,19.734928,1.4200413,19.734928
2026-10-08 02:00:00,9.15301,1.4159559,19.670458,1.4159559,19.670458
2026-10-08 03:00:00,9.045785,1.3547907,19.60189,1.3547907,19.60189
2026-10-08 04:00:00,9.032191,1.4215412,19.559673,1.4215412,19.559673
2026-10-08 05:00:00,8.939191,1.3978643,19.501938,1.3978643,19.501938
2026-10-08 06:00:00,8.939981,1.3311028,19.57752,1.3311028,19.57752
2026-10-08 07:00:00,8.869982,1.3017755,19.508327,1.3017755,19.508327
2026-10-08 08:00:00,8.890885,1.2387669,19.664818,1.2387669,19.664818
2026-10-08 09:00:00,8.846122,1.2425237,19.606194,1.2425237,19.606194
2026-10-08 10:00:00,8.901311,1.3043658,19.667358,1.3043658,19.667358
2026-10-08 11:00:00,8.847013,1.2930286,19.598257,1.2930286,19.598257
2026-10-08 12:00:00,8.851523,1.3269533,19.60654,1.3269533,19.60654
2026-10-08 13:00:00,8.822235,1.2493174,19.67083,1.2493174,19.67083
2026-10-08 14:00:00,8.838604,1.287289,19.67361,1.287289,19.67361
2026-10-08 15:00:00,8.802784,1.2374873,19.635387,1.2374873,19.635387
2026-10-08 16:00:00,8.86857,1.2976632,19.618576,1.2976632,19.618576
2026-10-08 17:00:00,8.864999,1.2754346,19.661804,1.2754346,19.661804
2026-10-08 18:00:00,8.871561,1.2323581,19.638079,1.2323581,19.638079
2026-10-08 19:00:00,8.806671,1.1616998,19.625137,1.1616998,19.625137
2026-10-08 20:00:00,8.839098,1.2358782,19.606384,1.2358782,19.606384
2026-10-08 21:00:00,8.814749,1.2062954,19.605545,1.2062954,19.605545
2026-10-08 22:00:00,8.832219,1.2496549,19.601585,1.2496549,19.601585
2026-10-08 23:00:00,8.820301,1.2677866,19.548252,1.2677866,19.548252
2026-10-09 00:00:00,8.862037,1.2995682,19.589748,1.2995682,19.589748
2026-10-09 01:00:00,8.835102,1.2761943,19.555405,1.2761943,19.555405
2026-10-09 02:00:00,8.8310995,1.3057923,19.564995,1.3057923,19.564995
2026-10-09 03:00:00,8.751496,1.2808203,19.491882,1.2808203,19.491882
2026-10-09 04:00:00,8.745843,1.2944509,19.53579,1.2944509,19.53579
2026-10-09 05:00:00,8.722561,1.3183342,19.515574,1.3183342,19.515574
2026-10-09 06:00:00,8.741594,1.4032313,19.520868,1.4032313,19.520868
2026-10-09 07:00:00,8.707222,1.3433217,19.437302,1.3433217,19.437302
2026-10-09 08:00:00,8.674654,1.3137281,19.296764,1.3137281,19.296764
2026-10-09 09:00:00,8.607622,1.2390032,19.207111,1.2390032,19.207111
2026-10-09 10:00:00,8.615188,1.2415491,19.16726,1.2415491,19.16726
2026-10-09 11:00:00,8.54303,1.1845101,19.151775,1.1845101,19.151775
2026-10-09 12:00:00,8.529375,1.2397451,19.134857,1.2397451,19.134857
2026-10-09 13:00:00,8.444763,1.2208529,19.100342,1.2208529,19.100342
2026-10-09 14:00:00,8.41281,1.1484544,19.134586,1.1484544,19.134586
2026-10-09 15:00:00,8.339282,1.0881314,19.108948,1.0881314,19.108948
2026-10-09 16:00:00,8.362162,1.038996,19.26376,1.038996,19.26376
2026-10-09 17:00:00,8.342915,1.0488249,19.238102,1.0488249,19.238102
2026-10-09 18:00:00,8.387669,1.0911477,19.28979,1.0911477,19.28979
2026-10-09 19:00:00,8.363408,1.0884664,19.255144,1.0884664,19.255144
2026-10-09 20:00:00,8.346918,1.0927465,19.238277,1.0927465,19.238277
2026-10-09 21:00:00,8.315293,1.0332998,19.27118,1.0332998,19.27118
2026-10-09 22:00:00,8.324375,1.0582299,19.27812,1.0582299,19.27812
2026-10-09 23:00:00,8.2734995,1.0292656,19.198185,1.0292656,19.198185
2026-10-10 00:00:00,8.334877,1.0857208,19.17638,1.0857208,19.17638
2026-10-10 01:00:00,8.326883,1.098741,19.20456,1.098741,19.20456
2026-10-10 02:00:00,8.312416,1.0343963,19.158115,1.0343963,19.158115
2026-10-10 03:00:00,8.259615,1.0238792,19.122002,1.0238792,19.122002
2026-10-10 04:00:00,8.292066,1.0542822,19.128105,1.0542822,19.128105
2026-10-10 05:00:00,8.259222,1.0541503,19.065464,1.0541503,19.065464
2026-10-10 06:00:00,8.262205,1.0941718,19.0449,1.0941718,19.0449
2026-10-10 07:00:00,8.241092,1.0823982,18.999653,1.0823982,18.999653
2026-10-10 08:00:00,8.257983,1.1036705,19.011398,1.1036705,19.011398
2026-10-10 09:00:00,8.227408,1.0944545,18.968842,1.0944545,18.968842
2026-10-10 10:00:00,8.247614,1.1511652,19.014067,1.1511652,19.014067
2026-10-10 11:00:00,8.192814,1.1594558,18.979786,1.1594558,18.979786
2026-10-10 12:00:00,8.203062,1.1983174,19.04979,1.1983174,19.04979
2026-10-10 13:00:00,8.1750765,1.2126983,19.056252,1.2126983,19.056252
2026-10-10 14:00:00,8.170943,1.2754645,19.074589,1.2754645,19.074589
2026-10-10 15:00:00,8.132857,1.201016,18.994864,1.201016,18.994864
2026-10-10 16:00:00,8.1277,1.2192581,18.874418,1.2192581,18.874418
2026-10-10 17:00:00,8.114217,1.2112421,18.858892,1.2112421,18.858892
2026-10-10 18:00:00,8.1235895,1.2297022,18.84503,1.2297022,18.84503
2026-10-10 19:00:00,7.9958944,1.1496568,18.77433,1.1496568,18.77433
2026-10-10 20:00:00,7.955834,1.2034674,18.719187,1.2034674,18.719187
2026-10-10 21:00:00,7.91879,1.2074747,18.718143,1.2074747,18.718143
2026-10-10 22:00:00,7.967011,1.205284,18.80275,1.205284,18.80275
2026-10-10 23:00:00,7.9355316,1.1407849,18.812822,1.1407849,18.812822
2026-10-11 00:00:00,7.9816575,1.138623,18.94597,1.138623,18.94597
2026-10-11 01:00:00,7.968445,1.121738,18.912752,1.121738,18.912752
2026-10-11 02:00:00,8.025802,1.2092255,18.937643,1.2092255,18.937643
2026-10-11 03:00:00,8.009637,1.1687739,18.897598,1.1687739,18.897598
2026-10-11 04:00:00,8.031052,1.1804233,18.91357,1.1804233,18.91357
2026-10-11 05:00:00,8.013935,1.1989884,18.859142,1.1989884,18.859142
2026-10-11 06:00:00,8.05574,1.2263546,18.892277,1.2263546,18.892277
2026-10-11 07:00:00,8.030389,1.228955,18.802567,1.228955,18.802567
2026-10-11 08:00:00,8.087264,1.2665293,18.766327,1.2665293,18.766327
2026-10-11 09:00:00,8.072772,1.2680187,18.753687,1.2680187,18.753687
2026-10-11 10:00:00,8.091763,1.2431831,18.707241,1.2431831,18.707241
2026-10-11 11:00:00,8.065203,1.2514637,18.679825,1.2514637,18.679825
2026-10-11 12:00:00,8.12889,1.3069706,18.726364,1.3069706,18.726364
