ds,cpu_forecast_mean,cpu_lower,cpu_upper,cpu_forecast_min,cpu_forecast_max,entity_id
2026-09-11 13:00:00,15.488771438598633,11.668864250183105,25.048839569091797,11.668864250183105,25.048839569091797,MTkyLjE2OC4xMi44Ng___1
2026-09-11 14:00:00,14.519109725952148,11.201668739318848,22.378665924072266,11.201668739318848,22.378665924072266,MTkyLjE2OC4xMi44Ng___1
2026-09-11 15:00:00,14.400238037109375,11.201709747314453,21.572364807128906,11.201709747314453,21.572364807128906,MTkyLjE2OC4xMi44Ng___1
2026-09-11 16:00:00,14.089323043823242,10.868932723999023,21.17962074279785,10.868932723999023,21.17962074279785,MTkyLjE2OC4xMi44Ng___1
2026-09-11 17:00:00,14.102949142456055,10.71273422241211,21.41046905517578,10.71273422241211,21.41046905517578,MTkyLjE2OC4xMi44Ng___1
2026-09-11 18:00:00,13.849433898925781,10.623973846435547,20.77007293701172,10.623973846435547,20.77007293701172,MTkyLjE2OC4xMi44Ng___1
2026-09-11 19:00:00,13.632396697998047,10.427530288696289,19.773639678955078,10.427530288696289,19.773639678955078,MTkyLjE2OC4xMi44Ng___1
2026-09-11 20:00:00,13.392280578613281,10.165141105651855,19.83171844482422,10.165141105651855,19.83171844482422,MTkyLjE2OC4xMi44Ng___1
2026-09-11 21:00:00,13.453092575073242,9.965781211853027,20.028438568115234,9.965781211853027,20.028438568115234,MTkyLjE2OC4xMi44Ng___1
2026-09-11 22:00:00,13.177316665649414,9.831180572509766,19.645992279052734,9.831180572509766,19.645992279052734,MTkyLjE2OC4xMi44Ng___1
2026-09-11 23:00:00,13.065245628356934,9.330016136169434,19.79932403564453,9.330016136169434,19.79932403564453,MTkyLjE2OC4xMi44Ng___1
2026-09-12 00:00:00,12.940695762634277,8.986602783203125,19.744739532470703,8.986602783203125,19.744739532470703,MTkyLjE2OC4xMi44Ng___1
2026-09-12 01:00:00,12.782421112060547,8.674948692321777,20.058792114257812,8.674948692321777,20.058792114257812,MTkyLjE2OC4xMi44Ng___1
2026-09-12 02:00:00,12.6456937789917,8.582714080810547,19.546232223510742,8.582714080810547,19.546232223510742,MTkyLjE2OC4xMi44Ng___1
2026-09-12 03:00:00,12.51148509979248,8.242229461669922,18.974245071411133,8.242229461669922,18.974245071411133,MTkyLjE2OC4xMi44Ng___1
2026-09-12 04:00:00,12.466984748840332,8.296926498413086,18.795209884643555,8.296926498413086,18.795209884643555,MTkyLjE2OC4xMi44Ng___1
2026-09-12 05:00:00,12.31137466430664,8.611924171447754,18.610706329345703,8.611924171447754,18.610706329345703,MTkyLjE2OC4xMi44Ng___1
2026-09-12 06:00:00,12.392494201660156,8.658832550048828,19.294010162353516,8.658832550048828,19.294010162353516,MTkyLjE2OC4xMi44Ng___1
2026-09-12 07:00:00,12.265583038330078,8.441473960876465,19.494556427001953,8.441473960876465,19.494556427001953,MTkyLjE2OC4xMi44Ng___1
2026-09-12 08:00:00,12.39104175567627,8.37130069732666,19.955257415771484,8.37130069732666,19.955257415771484,MTkyLjE2OC4xMi44Ng___1
2026-09-12 09:00:00,12.49817180633545,8.269268035888672,20.69282341003418,8.269268035888672,20.69282341003418,MTkyLjE2OC4xMi44Ng___1
2026-09-12 10:00:00,12.473163604736328,8.010702133178711,21.190135955810547,8.010702133178711,21.190135955810547,MTkyLjE2OC4xMi44Ng___1
2026-09-12 11:00:00,12.517934799194336,7.765600681304932,21.094776153564453,7.765600681304932,21.094776153564453,MTkyLjE2OC4xMi44Ng___1
2026-09-12 12:00:00,12.698619842529297,7.632994174957275,22.02263069152832,7.632994174957275,22.02263069152832,MTkyLjE2OC4xMi44Ng___1
2026-09-12 13:00:00,12.740863800048828,7.608369827270508,22.481813430786133,7.608369827270508,22.481813430786133,MTkyLjE2OC4xMi44Ng___1
2026-09-12 14:00:00,12.749983787536621,7.705073356628418,22.147436141967773,7.705073356628418,22.147436141967773,MTkyLjE2OC4xMi44Ng___1
2026-09-12 15:00:00,12.871724128723145,7.465129852294922,22.864242553710938,7.465129852294922,22.864242553710938,MTkyLjE2OC4xMi44Ng___1
2026-09-12 16:00:00,12.984952926635742,7.4275431632995605,23.075328826904297,7.4275431632995605,23.075328826904297,MTkyLjE2OC4xMi44Ng___1
2026-09-12 17:00:00,12.949684143066406,7.338429927825928,23.134098052978516,7.338429927825928,23.134098052978516,MTkyLjE2OC4xMi44Ng___1
2026-09-12 18:00:00,12.98116397857666,7.511498928070068,23.153186798095703,7.511498928070068,23.153186798095703,MTkyLjE2OC4xMi44Ng___1
2026-09-12 19:00:00,12.932580947875977,7.363887786865234,22.55609130859375,7.363887786865234,22.55609130859375,MTkyLjE2OC4xMi44Ng___1
2026-09-12 20:00:00,12.846078872680664,7.446269989013672,22.28371238708496,7.446269989013672,22.28371238708496,MTkyLjE2OC4xMi44Ng___1
2026-09-12 21:00:00,12.80134391784668,7.8808746337890625,21.81352996826172,7.8808746337890625,21.81352996826172,MTkyLjE2OC4xMi44Ng___1
2026-09-12 22:00:00,12.86685562133789,7.901382923126221,22.650094985961914,7.901382923126221,22.650094985961914,MTkyLjE2OC4xMi44Ng___1
2026-09-12 23:00:00,12.750990867614746,7.697353839874268,22.822811126708984,7.697353839874268,22.822811126708984,MTkyLjE2OC4xMi44Ng___1
2026-09-13 00:00:00,12.81538200378418,7.639749050140381,22.904815673828125,7.639749050140381,22.904815673828125,MTkyLjE2OC4xMi44Ng___1
2026-09-13 01:00:00,12.791122436523438,7.577313423156738,23.094593048095703,7.577313423156738,23.094593048095703,MTkyLjE2OC4xMi44Ng___1
2026-09-13 02:00:00,12.716785430908203,7.425080299377441,22.950464248657227,7.425080299377441,22.950464248657227,MTkyLjE2OC4xMi44Ng___1
2026-09-13 03:00:00,12.682657241821289,7.351449489593506,22.49645233154297,7.351449489593506,22.49645233154297,MTkyLjE2OC4xMi44Ng___1
2026-09-13 04:00:00,12.699094772338867,7.159487724304199,23.046512603759766,7.159487724304199,23.046512603759766,MTkyLjE2OC4xMi44Ng___1
2026-09-13 05:00:00,12.753398895263672,7.002891540527344,23.348037719726562,7.002891540527344,23.348037719726562,MTkyLjE2OC4xMi44Ng___1
2026-09-13 06:00:00,12.71046257019043,6.969484806060791,23.126407623291016,6.969484806060791,23.126407623291016,MTkyLjE2OC4xMi44Ng___1
2026-09-13 07:00:00,12.664331436157227,6.737684726715088,23.1950626373291,6.737684726715088,23.1950626373291,MTkyLjE2OC4xMi44Ng___1
2026-09-13 08:00:00,12.710359573364258,6.74600887298584,23.041078567504883,6.74600887298584,23.041078567504883,MTkyLjE2OC4xMi44Ng___1
2026-09-13 09:00:00,12.735320091247559,6.5794548988342285,22.951324462890625,6.5794548988342285,22.951324462890625,MTkyLjE2OC4xMi44Ng___1
2026-09-13 10:00:00,12.752548217773438,6.595705032348633,23.174972534179688,6.595705032348633,23.174972534179688,MTkyLjE2OC4xMi44Ng___1
2026-09-13 11:00:00,12.805295944213867,6.308946132659912,23.057659149169922,6.308946132659912,23.057659149169922,MTkyLjE2OC4xMi44Ng___1
2026-09-13 12:00:00,12.84408187866211,6.479907035827637,23.350749969482422,6.479907035827637,23.350749969482422,MTkyLjE2OC4xMi44Ng___1
2026-09-13 13:00:00,13.129815101623535,6.7271881103515625,23.14535140991211,6.7271881103515625,23.14535140991211,MTkyLjE2OC4xMi44Ng___1
2026-09-13 14:00:00,13.23486614227295,6.583324432373047,23.64578628540039,6.583324432373047,23.64578628540039,MTkyLjE2OC4xMi44Ng___1
2026-09-13 15:00:00,13.20082950592041,6.441887855529785,23.464385986328125,6.441887855529785,23.464385986328125,MTkyLjE2OC4xMi44Ng___1
2026-09-13 16:00:00,13.241514205932617,6.2124738693237305,23.48651885986328,6.2124738693237305,23.48651885986328,MTkyLjE2OC4xMi44Ng___1
2026-09-13 17:00:00,13.178986549377441,6.205877780914307,23.44583511352539,6.205877780914307,23.44583511352539,MTkyLjE2OC4xMi44Ng___1
2026-09-13 18:00:00,13.090828895568848,6.030544281005859,23.031606674194336,6.030544281005859,23.031606674194336,MTkyLjE2OC4xMi44Ng___1
2026-09-13 19:00:00,12.93323802947998,5.9962310791015625,22.39434051513672,5.9962310791015625,22.39434051513672,MTkyLjE2OC4xMi44Ng___1
2026-09-13 20:00:00,12.865328788757324,5.950798988342285,22.443517684936523,5.950798988342285,22.443517684936523,MTkyLjE2OC4xMi44Ng___1
2026-09-13 21:00:00,12.785249710083008,5.718792915344238,22.171432495117188,5.718792915344238,22.171432495117188,MTkyLjE2OC4xMi44Ng___1
2026-09-13 22:00:00,12.649460792541504,5.636911392211914,22.222055435180664,5.636911392211914,22.222055435180664,MTkyLjE2OC4xMi44Ng___1
2026-09-13 23:00:00,12.56666374206543,5.404129981994629,22.19054412841797,5.404129981994629,22.19054412841797,MTkyLjE2OC4xMi44Ng___1
2026-09-14 00:00:00,12.49569320678711,5.269748687744141,22.093799591064453,5.269748687744141,22.093799591064453,MTkyLjE2OC4xMi44Ng___1
2026-09-14 01:00:00,12.423527717590332,5.067736625671387,21.723087310791016,5.067736625671387,21.723087310791016,MTkyLjE2OC4xMi44Ng___1
2026-09-14 02:00:00,12.323986053466797,5.050841331481934,21.580562591552734,5.050841331481934,21.580562591552734,MTkyLjE2OC4xMi44Ng___1
2026-09-14 03:00:00,12.304383277893066,4.727732181549072,21.552730560302734,4.727732181549072,21.552730560302734,MTkyLjE2OC4xMi44Ng___1
2026-09-14 04:00:00,12.293146133422852,4.847687244415283,21.656387329101562,4.847687244415283,21.656387329101562,MTkyLjE2OC4xMi44Ng___1
2026-09-14 05:00:00,12.001542091369629,5.253480911254883,21.518680572509766,5.253480911254883,21.518680572509766,MTkyLjE2OC4xMi44Ng___1
2026-09-14 06:00:00,12.141986846923828,5.011214256286621,21.86001205444336,5.011214256286621,21.86001205444336,MTkyLjE2OC4xMi44Ng___1
2026-09-14 07:00:00,12.02833080291748,4.900541305541992,22.016399383544922,4.900541305541992,22.016399383544922,MTkyLjE2OC4xMi44Ng___1
2026-09-14 08:00:00,12.134605407714844,4.740592956542969,22.29422378540039,4.740592956542969,22.29422378540039,MTkyLjE2OC4xMi44Ng___1
2026-09-14 09:00:00,12.149975776672363,4.75205135345459,22.775962829589844,4.75205135345459,22.775962829589844,MTkyLjE2OC4xMi44Ng___1
2026-09-14 10:00:00,12.216747283935547,4.673497200012207,22.914016723632812,4.673497200012207,22.914016723632812,MTkyLjE2OC4xMi44Ng___1
2026-09-14 11:00:00,12.204453468322754,4.599820137023926,22.885234832763672,4.599820137023926,22.885234832763672,MTkyLjE2OC4xMi44Ng___1
2026-09-14 12:00:00,12.309164047241211,4.69284200668335,23.578149795532227,4.69284200668335,23.578149795532227,MTkyLjE2OC4xMi44Ng___1
2026-09-14 13:00:00,12.356216430664062,4.585903167724609,23.887367248535156,4.585903167724609,23.887367248535156,MTkyLjE2OC4xMi44Ng___1
2026-09-14 14:00:00,12.373661994934082,4.5615692138671875,24.005104064941406,4.5615692138671875,24.005104064941406,MTkyLjE2OC4xMi44Ng___1
2026-09-14 15:00:00,12.398565292358398,4.463185787200928,24.36598014831543,4.463185787200928,24.36598014831543,MTkyLjE2OC4xMi44Ng___1
2026-09-14 16:00:00,12.495779037475586,4.429158687591553,24.707401275634766,4.429158687591553,24.707401275634766,MTkyLjE2OC4xMi44Ng___1
2026-09-14 17:00:00,12.461708068847656,4.263143062591553,24.61811065673828,4.263143062591553,24.61811065673828,MTkyLjE2OC4xMi44Ng___1
2026-09-14 18:00:00,12.445537567138672,4.253815174102783,24.586036682128906,4.253815174102783,24.586036682128906,MTkyLjE2OC4xMi44Ng___1
2026-09-14 19:00:00,12.38341236114502,3.9365639686584473,24.20724105834961,3.9365639686584473,24.20724105834961,MTkyLjE2OC4xMi44Ng___1
2026-09-14 20:00:00,12.30672836303711,3.9899191856384277,24.156047821044922,3.9899191856384277,24.156047821044922,MTkyLjE2OC4xMi44Ng___1
2026-09-14 21:00:00,12.180830001831055,4.751368045806885,23.45040512084961,4.751368045806885,23.45040512084961,MTkyLjE2OC4xMi44Ng___1
2026-09-14 22:00:00,12.294906616210938,4.445812225341797,23.928272247314453,4.445812225341797,23.928272247314453,MTkyLjE2OC4xMi44Ng___1
2026-09-14 23:00:00,12.207134246826172,4.235830307006836,24.239566802978516,4.235830307006836,24.239566802978516,MTkyLjE2OC4xMi44Ng___1
2026-09-15 00:00:00,12.1992826461792,4.008099555969238,24.699047088623047,4.008099555969238,24.699047088623047,MTkyLjE2OC4xMi44Ng___1
2026-09-15 01:00:00,12.088441848754883,3.9861412048339844,24.997352600097656,3.9861412048339844,24.997352600097656,MTkyLjE2OC4xMi44Ng___1
2026-09-15 02:00:00,12.1155366897583,3.959138870239258,24.75802230834961,3.959138870239258,24.75802230834961,MTkyLjE2OC4xMi44Ng___1
2026-09-15 03:00:00,12.03050708770752,3.7801971435546875,24.53693389892578,3.7801971435546875,24.53693389892578,MTkyLjE2OC4xMi44Ng___1
2026-09-15 04:00:00,12.024452209472656,3.916095733642578,24.78119659423828,3.916095733642578,24.78119659423828,MTkyLjE2OC4xMi44Ng___1
2026-09-15 05:00:00,11.996004104614258,3.789729118347168,24.977619171142578,3.789729118347168,24.977619171142578,MTkyLjE2OC4xMi44Ng___1
2026-09-15 06:00:00,12.014070510864258,3.7541303634643555,25.191463470458984,3.7541303634643555,25.191463470458984,MTkyLjE2OC4xMi44Ng___1
2026-09-15 07:00:00,11.943618774414062,3.74636173248291,25.435962677001953,3.74636173248291,25.435962677001953,MTkyLjE2OC4xMi44Ng___1
2026-09-15 08:00:00,12.05120849609375,3.6143722534179688,25.77587127685547,3.6143722534179688,25.77587127685547,MTkyLjE2OC4xMi44Ng___1
2026-09-15 09:00:00,12.092849731445312,3.577127456665039,25.727222442626953,3.577127456665039,25.727222442626953,MTkyLjE2OC4xMi44Ng___1
2026-09-15 10:00:00,12.192048072814941,3.5274367332458496,26.30667495727539,3.5274367332458496,26.30667495727539,MTkyLjE2OC4xMi44Ng___1
2026-09-15 11:00:00,12.187795639038086,3.1282033920288086,26.618896484375,3.1282033920288086,26.618896484375,MTkyLjE2OC4xMi44Ng___1
2026-09-15 12:00:00,12.469917297363281,3.0066986083984375,27.180328369140625,3.0066986083984375,27.180328369140625,MTkyLjE2OC4xMi44Ng___1
2026-09-15 13:00:00,13.16854476928711,4.269744396209717,26.17947769165039,4.269744396209717,26.17947769165039,MTkyLjE2OC4xMi44Ng___1
2026-09-15 14:00:00,13.154829025268555,4.024053573608398,26.06725311279297,4.024053573608398,26.06725311279297,MTkyLjE2OC4xMi44Ng___1
2026-09-15 15:00:00,13.225473403930664,3.836778163909912,26.113739013671875,3.836778163909912,26.113739013671875,MTkyLjE2OC4xMi44Ng___1
2026-09-15 16:00:00,13.181198120117188,3.590353012084961,26.811981201171875,3.590353012084961,26.811981201171875,MTkyLjE2OC4xMi44Ng___1
2026-09-15 17:00:00,13.157742500305176,3.6279640197753906,26.930801391601562,3.6279640197753906,26.930801391601562,MTkyLjE2OC4xMi44Ng___1
2026-09-15 18:00:00,13.03605842590332,3.521566867828369,26.516300201416016,3.521566867828369,26.516300201416016,MTkyLjE2OC4xMi44Ng___1
2026-09-15 19:00:00,12.840593338012695,3.4590702056884766,26.027793884277344,3.4590702056884766,26.027793884277344,MTkyLjE2OC4xMi44Ng___1
2026-09-15 20:00:00,12.66940689086914,3.540297031402588,25.850936889648438,3.540297031402588,25.850936889648438,MTkyLjE2OC4xMi44Ng___1
2026-09-15 21:00:00,12.551830291748047,3.260861873626709,25.74749755859375,3.260861873626709,25.74749755859375,MTkyLjE2OC4xMi44Ng___1
2026-09-15 22:00:00,12.442573547363281,3.0583577156066895,25.772598266601562,3.0583577156066895,25.772598266601562,MTkyLjE2OC4xMi44Ng___1
2026-09-15 23:00:00,12.296719551086426,3.132160186767578,25.599956512451172,3.132160186767578,25.599956512451172,MTkyLjE2OC4xMi44Ng___1
2026-09-16 00:00:00,12.188621520996094,2.861558437347412,25.61223602294922,2.861558437347412,25.61223602294922,MTkyLjE2OC4xMi44Ng___1
2026-09-16 01:00:00,12.116400718688965,2.9388790130615234,25.243793487548828,2.9388790130615234,25.243793487548828,MTkyLjE2OC4xMi44Ng___1
2026-09-16 02:00:00,12.033594131469727,2.7508769035339355,25.218948364257812,2.7508769035339355,25.218948364257812,MTkyLjE2OC4xMi44Ng___1
2026-09-16 03:00:00,11.900712966918945,2.4054970741271973,25.07046127319336,2.4054970741271973,25.07046127319336,MTkyLjE2OC4xMi44Ng___1
2026-09-16 04:00:00,11.890729904174805,2.2825779914855957,25.07990264892578,2.2825779914855957,25.07990264892578,MTkyLjE2OC4xMi44Ng___1
2026-09-16 05:00:00,11.396533012390137,2.125277519226074,24.260101318359375,2.125277519226074,24.260101318359375,MTkyLjE2OC4xMi44Ng___1
2026-09-16 06:00:00,11.434541702270508,2.21311092376709,24.431949615478516,2.21311092376709,24.431949615478516,MTkyLjE2OC4xMi44Ng___1
2026-09-16 07:00:00,11.520042419433594,2.0697860717773438,24.806640625,2.0697860717773438,24.806640625,MTkyLjE2OC4xMi44Ng___1
2026-09-16 08:00:00,11.50224494934082,1.9723963737487793,25.680572509765625,1.9723963737487793,25.680572509765625,MTkyLjE2OC4xMi44Ng___1
2026-09-16 09:00:00,11.63286018371582,1.9238677024841309,26.072715759277344,1.9238677024841309,26.072715759277344,MTkyLjE2OC4xMi44Ng___1
2026-09-16 10:00:00,11.665239334106445,1.8512077331542969,26.528339385986328,1.8512077331542969,26.528339385986328,MTkyLjE2OC4xMi44Ng___1
2026-09-16 11:00:00,11.632489204406738,1.9048128128051758,26.840076446533203,1.9048128128051758,26.840076446533203,MTkyLjE2OC4xMi44Ng___1
2026-09-16 12:00:00,11.785469055175781,1.5942158699035645,27.018211364746094,1.5942158699035645,27.018211364746094,MTkyLjE2OC4xMi44Ng___1
2026-09-16 13:00:00,11.771708488464355,1.6074986457824707,27.437171936035156,1.6074986457824707,27.437171936035156,MTkyLjE2OC4xMi44Ng___1
2026-09-16 14:00:00,11.82801628112793,1.5666332244873047,28.11412811279297,1.5666332244873047,28.11412811279297,MTkyLjE2OC4xMi44Ng___1
2026-09-16 15:00:00,11.965497016906738,1.983381748199463,28.183761596679688,1.983381748199463,28.183761596679688,MTkyLjE2OC4xMi44Ng___1
2026-09-16 16:00:00,12.061809539794922,1.8885302543640137,28.483753204345703,1.8885302543640137,28.483753204345703,MTkyLjE2OC4xMi44Ng___1
2026-09-16 17:00:00,12.17188835144043,2.191333293914795,28.694637298583984,2.191333293914795,28.694637298583984,MTkyLjE2OC4xMi44Ng___1
2026-09-16 18:00:00,12.236331939697266,1.8622322082519531,28.466144561767578,1.8622322082519531,28.466144561767578,MTkyLjE2OC4xMi44Ng___1
2026-09-16 19:00:00,12.111981391906738,1.7712769508361816,28.077125549316406,1.7712769508361816,28.077125549316406,MTkyLjE2OC4xMi44Ng___1
2026-09-16 20:00:00,11.996346473693848,1.6470260620117188,28.18822479248047,1.6470260620117188,28.18822479248047,MTkyLjE2OC4xMi44Ng___1
2026-09-16 21:00:00,11.939254760742188,2.3428263664245605,26.847553253173828,2.3428263664245605,26.847553253173828,MTkyLjE2OC4xMi44Ng___1
2026-09-16 22:00:00,11.968025207519531,2.5912837982177734,26.834331512451172,2.5912837982177734,26.834331512451172,MTkyLjE2OC4xMi44Ng___1
2026-09-16 23:00:00,11.961226463317871,2.3574705123901367,26.862274169921875,2.3574705123901367,26.862274169921875,MTkyLjE2OC4xMi44Ng___1
2026-09-17 00:00:00,11.857604026794434,2.292853355407715,27.640113830566406,2.292853355407715,27.640113830566406,MTkyLjE2OC4xMi44Ng___1
2026-09-17 01:00:00,11.91342830657959,2.132392406463623,27.77405548095703,2.132392406463623,27.77405548095703,MTkyLjE2OC4xMi44Ng___1
2026-09-17 02:00:00,11.900615692138672,2.0491080284118652,27.80510711669922,2.0491080284118652,27.80510711669922,MTkyLjE2OC4xMi44Ng___1
2026-09-17 03:00:00,11.813301086425781,2.0289387702941895,27.768779754638672,2.0289387702941895,27.768779754638672,MTkyLjE2OC4xMi44Ng___1
2026-09-17 04:00:00,11.895227432250977,1.883824348449707,27.565502166748047,1.883824348449707,27.565502166748047,MTkyLjE2OC4xMi44Ng___1
2026-09-17 05:00:00,11.769883155822754,1.7617712020874023,28.024497985839844,1.7617712020874023,28.024497985839844,MTkyLjE2OC4xMi44Ng___1
2026-09-17 06:00:00,11.837020874023438,1.7650132179260254,28.29857635498047,1.7650132179260254,28.29857635498047,MTkyLjE2OC4xMi44Ng___1
2026-09-17 07:00:00,11.75001335144043,2.1979970932006836,27.940067291259766,2.1979970932006836,27.940067291259766,MTkyLjE2OC4xMi44Ng___1
2026-09-17 08:00:00,11.807341575622559,2.1598587036132812,28.119903564453125,2.1598587036132812,28.119903564453125,MTkyLjE2OC4xMi44Ng___1
2026-09-17 09:00:00,11.896735191345215,2.203709602355957,28.03961944580078,2.203709602355957,28.03961944580078,MTkyLjE2OC4xMi44Ng___1
2026-09-17 10:00:00,11.920551300048828,1.8844761848449707,28.371761322021484,1.8844761848449707,28.371761322021484,MTkyLjE2OC4xMi44Ng___1
2026-09-17 11:00:00,11.856950759887695,1.6920695304870605,28.107303619384766,1.6920695304870605,28.107303619384766,MTkyLjE2OC4xMi44Ng___1
2026-09-17 12:00:00,11.889139175415039,1.575512409210205,28.229148864746094,1.575512409210205,28.229148864746094,MTkyLjE2OC4xMi44Ng___1
2026-09-17 13:00:00,12.482160568237305,2.005587577819824,28.310829162597656,2.005587577819824,28.310829162597656,MTkyLjE2OC4xMi44Ng___1
2026-09-17 14:00:00,12.389847755432129,2.300529956817627,27.909984588623047,2.300529956817627,27.909984588623047,MTkyLjE2OC4xMi44Ng___1
2026-09-17 15:00:00,12.530218124389648,2.12100887298584,27.691791534423828,2.12100887298584,27.691791534423828,MTkyLjE2OC4xMi44Ng___1
2026-09-17 16:00:00,12.408003807067871,2.112476348876953,28.329681396484375,2.112476348876953,28.329681396484375,MTkyLjE2OC4xMi44Ng___1
2026-09-17 17:00:00,12.440189361572266,1.8790149688720703,28.706409454345703,1.8790149688720703,28.706409454345703,MTkyLjE2OC4xMi44Ng___1
2026-09-17 18:00:00,12.291475296020508,1.7590579986572266,28.471900939941406,1.7590579986572266,28.471900939941406,MTkyLjE2OC4xMi44Ng___1
2026-09-17 19:00:00,12.089529037475586,1.6956238746643066,28.188926696777344,1.6956238746643066,28.188926696777344,MTkyLjE2OC4xMi44Ng___1
2026-09-17 20:00:00,12.03309440612793,1.5164766311645508,27.71670913696289,1.5164766311645508,27.71670913696289,MTkyLjE2OC4xMi44Ng___1
2026-09-17 21:00:00,11.874462127685547,1.5134973526000977,27.716785430908203,1.5134973526000977,27.716785430908203,MTkyLjE2OC4xMi44Ng___1
2026-09-17 22:00:00,11.840204238891602,1.4553580284118652,27.91155242919922,1.4553580284118652,27.91155242919922,MTkyLjE2OC4xMi44Ng___1
2026-09-17 23:00:00,11.683115005493164,1.7927675247192383,27.333480834960938,1.7927675247192383,27.333480834960938,MTkyLjE2OC4xMi44Ng___1
2026-09-18 00:00:00,11.705794334411621,1.7400908470153809,27.50539779663086,1.7400908470153809,27.50539779663086,MTkyLjE2OC4xMi44Ng___1
2026-09-18 01:00:00,11.672082901000977,1.7164816856384277,27.135040283203125,1.7164816856384277,27.135040283203125,MTkyLjE2OC4xMi44Ng___1
2026-09-18 02:00:00,11.52761173248291,1.394775390625,27.245708465576172,1.394775390625,27.245708465576172,MTkyLjE2OC4xMi44Ng___1
2026-09-18 03:00:00,11.447894096374512,1.1437101364135742,26.818138122558594,1.1437101364135742,26.818138122558594,MTkyLjE2OC4xMi44Ng___1
2026-09-18 04:00:00,11.452791213989258,0.9874711036682129,26.970111846923828,0.9874711036682129,26.970111846923828,MTkyLjE2OC4xMi44Ng___1
2026-09-18 05:00:00,11.706113815307617,1.1518926620483398,26.044269561767578,1.1518926620483398,26.044269561767578,MTkyLjE2OC4xMi44Ng___1
2026-09-18 06:00:00,11.650506973266602,1.3140792846679688,25.854942321777344,1.3140792846679688,25.854942321777344,MTkyLjE2OC4xMi44Ng___1
2026-09-18 07:00:00,11.670137405395508,1.3867297172546387,26.00838851928711,1.3867297172546387,26.00838851928711,MTkyLjE2OC4xMi44Ng___1
2026-09-18 08:00:00,11.700517654418945,1.3914966583251953,26.8231201171875,1.3914966583251953,26.8231201171875,MTkyLjE2OC4xMi44Ng___1
2026-09-18 09:00:00,11.666779518127441,1.0643091201782227,27.19913101196289,1.0643091201782227,27.19913101196289,MTkyLjE2OC4xMi44Ng___1
2026-09-18 10:00:00,11.698205947875977,1.1584348678588867,27.54665756225586,1.1584348678588867,27.54665756225586,MTkyLjE2OC4xMi44Ng___1
2026-09-18 11:00:00,11.577424049377441,0.9878377914428711,27.796382904052734,0.9878377914428711,27.796382904052734,MTkyLjE2OC4xMi44Ng___1
2026-09-18 12:00:00,11.713415145874023,0.5914692878723145,27.64394760131836,0.5914692878723145,27.64394760131836,MTkyLjE2OC4xMi44Ng___1
2026-09-18 13:00:00,11.625749588012695,0.8387999534606934,28.100379943847656,0.8387999534606934,28.100379943847656,MTkyLjE2OC4xMi44Ng___1
2026-09-18 14:00:00,11.57965087890625,0.9925084114074707,28.63890838623047,0.9925084114074707,28.63890838623047,MTkyLjE2OC4xMi44Ng___1
2026-09-18 15:00:00,11.697909355163574,1.5361294746398926,28.253047943115234,1.5361294746398926,28.253047943115234,MTkyLjE2OC4xMi44Ng___1
2026-09-18 16:00:00,11.725822448730469,1.5253729820251465,28.597736358642578,1.5253729820251465,28.597736358642578,MTkyLjE2OC4xMi44Ng___1
2026-09-18 17:00:00,11.811371803283691,1.4753069877624512,28.685211181640625,1.4753069877624512,28.685211181640625,MTkyLjE2OC4xMi44Ng___1
2026-09-18 18:00:00,11.700031280517578,1.1401166915893555,28.674510955810547,1.1401166915893555,28.674510955810547,MTkyLjE2OC4xMi44Ng___1
2026-09-18 19:00:00,11.602462768554688,1.0181026458740234,28.111095428466797,1.0181026458740234,28.111095428466797,MTkyLjE2OC4xMi44Ng___1
2026-09-18 20:00:00,11.487768173217773,0.8588614463806152,27.916690826416016,0.8588614463806152,27.916690826416016,MTkyLjE2OC4xMi44Ng___1
2026-09-18 21:00:00,11.962640762329102,0.9429841041564941,27.50749969482422,0.9429841041564941,27.50749969482422,MTkyLjE2OC4xMi44Ng___1
2026-09-18 22:00:00,11.798929214477539,1.4245867729187012,27.069622039794922,1.4245867729187012,27.069622039794922,MTkyLjE2OC4xMi44Ng___1
2026-09-18 23:00:00,11.81967830657959,1.2549281120300293,27.07701873779297,1.2549281120300293,27.07701873779297,MTkyLjE2OC4xMi44Ng___1
2026-09-19 00:00:00,11.782142639160156,1.238905906677246,27.809337615966797,1.238905906677246,27.809337615966797,MTkyLjE2OC4xMi44Ng___1
2026-09-19 01:00:00,11.657435417175293,0.9071216583251953,28.231781005859375,0.9071216583251953,28.231781005859375,MTkyLjE2OC4xMi44Ng___1
2026-09-19 02:00:00,11.655797958374023,0.9418501853942871,28.23870086669922,0.9418501853942871,28.23870086669922,MTkyLjE2OC4xMi44Ng___1
2026-09-19 03:00:00,11.436494827270508,0.7791428565979004,28.252330780029297,0.7791428565979004,28.252330780029297,MTkyLjE2OC4xMi44Ng___1
2026-09-19 04:00:00,11.427644729614258,0.45841073989868164,27.851016998291016,0.45841073989868164,27.851016998291016,MTkyLjE2OC4xMi44Ng___1
2026-09-19 05:00:00,11.363199234008789,0.7264842987060547,28.539459228515625,0.7264842987060547,28.539459228515625,MTkyLjE2OC4xMi44Ng___1
2026-09-19 06:00:00,11.362932205200195,0.7230434417724609,28.768787384033203,0.7230434417724609,28.768787384033203,MTkyLjE2OC4xMi44Ng___1
2026-09-19 07:00:00,11.31143569946289,1.096524715423584,28.350669860839844,1.096524715423584,28.350669860839844,MTkyLjE2OC4xMi44Ng___1
2026-09-19 08:00:00,11.41649341583252,1.1398630142211914,28.870235443115234,1.1398630142211914,28.870235443115234,MTkyLjE2OC4xMi44Ng___1
2026-09-19 09:00:00,11.585299491882324,0.978090763092041,29.110652923583984,0.978090763092041,29.110652923583984,MTkyLjE2OC4xMi44Ng___1
2026-09-19 10:00:00,11.557808876037598,0.7096414566040039,29.620525360107422,0.7096414566040039,29.620525360107422,MTkyLjE2OC4xMi44Ng___1
2026-09-19 11:00:00,11.571986198425293,0.6429753303527832,29.576427459716797,0.6429753303527832,29.576427459716797,MTkyLjE2OC4xMi44Ng___1
2026-09-19 12:00:00,11.67702579498291,0.38033580780029297,30.347816467285156,0.38033580780029297,30.347816467285156,MTkyLjE2OC4xMi44Ng___1
2026-09-19 13:00:00,12.33096981048584,0.7883062362670898,29.860145568847656,0.7883062362670898,29.860145568847656,MTkyLjE2OC4xMi44Ng___1
2026-09-19 14:00:00,12.24259090423584,1.307614803314209,29.211090087890625,1.307614803314209,29.211090087890625,MTkyLjE2OC4xMi44Ng___1
2026-09-19 15:00:00,12.414449691772461,1.2733149528503418,29.06308364868164,1.2733149528503418,29.06308364868164,MTkyLjE2OC4xMi44Ng___1
2026-09-19 16:00:00,12.36805248260498,1.27520751953125,29.94243621826172,1.27520751953125,29.94243621826172,MTkyLjE2OC4xMi44Ng___1
2026-09-19 17:00:00,12.45506477355957,0.9842586517333984,30.422992706298828,0.9842586517333984,30.422992706298828,MTkyLjE2OC4xMi44Ng___1
2026-09-19 18:00:00,12.247629165649414,0.9604387283325195,30.170215606689453,0.9604387283325195,30.170215606689453,MTkyLjE2OC4xMi44Ng___1
2026-09-19 19:00:00,11.983893394470215,0.8222537040710449,29.953815460205078,0.8222537040710449,29.953815460205078,MTkyLjE2OC4xMi44Ng___1
2026-09-19 20:00:00,11.8596773147583,0.5791459083557129,29.281490325927734,0.5791459083557129,29.281490325927734,MTkyLjE2OC4xMi44Ng___1
2026-09-19 21:00:00,11.796821594238281,0.7212705612182617,29.596904754638672,0.7212705612182617,29.596904754638672,MTkyLjE2OC4xMi44Ng___1
2026-09-19 22:00:00,11.6688814163208,0.6603708267211914,29.890087127685547,0.6603708267211914,29.890087127685547,MTkyLjE2OC4xMi44Ng___1
2026-09-19 23:00:00,11.500588417053223,0.9132795333862305,29.25869369506836,0.9132795333862305,29.25869369506836,MTkyLjE2OC4xMi44Ng___1
2026-09-20 00:00:00,11.465259552001953,0.8453621864318848,29.54208755493164,0.8453621864318848,29.54208755493164,MTkyLjE2OC4xMi44Ng___1
2026-09-20 01:00:00,11.419381141662598,0.6123695373535156,29.13117218017578,0.6123695373535156,29.13117218017578,MTkyLjE2OC4xMi44Ng___1
2026-09-20 02:00:00,11.251114845275879,0.3895540237426758,29.414936065673828,0.3895540237426758,29.414936065673828,MTkyLjE2OC4xMi44Ng___1
2026-09-20 03:00:00,11.222930908203125,0.2836875915527344,28.585899353027344,0.2836875915527344,28.585899353027344,MTkyLjE2OC4xMi44Ng___1
2026-09-20 04:00:00,11.103120803833008,0.0878753662109375,28.847434997558594,0.0878753662109375,28.847434997558594,MTkyLjE2OC4xMi44Ng___1
2026-09-20 05:00:00,11.170793533325195,0.6902360916137695,27.598983764648438,0.6902360916137695,27.598983764648438,MTkyLjE2OC4xMi44Ng___1
2026-09-20 06:00:00,11.161593437194824,0.7087774276733398,27.569232940673828,0.7087774276733398,27.569232940673828,MTkyLjE2OC4xMi44Ng___1
2026-09-20 07:00:00,11.199039459228516,0.8670616149902344,27.875274658203125,0.8670616149902344,27.875274658203125,MTkyLjE2OC4xMi44Ng___1
2026-09-20 08:00:00,11.230525970458984,0.6876153945922852,28.748428344726562,0.6876153945922852,28.748428344726562,MTkyLjE2OC4xMi44Ng___1
2026-09-20 09:00:00,11.276810646057129,0.6134943962097168,29.508445739746094,0.6134943962097168,29.508445739746094,MTkyLjE2OC4xMi44Ng___1
2026-09-20 10:00:00,11.389841079711914,0.6712007522583008,29.820858001708984,0.6712007522583008,29.820858001708984,MTkyLjE2OC4xMi44Ng___1
2026-09-20 11:00:00,11.357771873474121,0.39313793182373047,30.775169372558594,0.39313793182373047,30.775169372558594,MTkyLjE2OC4xMi44Ng___1
2026-09-20 12:00:00,11.503089904785156,-0.14411258697509766,30.595657348632812,-0.14411258697509766,30.595657348632812,MTkyLjE2OC4xMi44Ng___1
2026-09-20 13:00:00,11.543815612792969,0.33214855194091797,31.69012451171875,0.33214855194091797,31.69012451171875,MTkyLjE2OC4xMi44Ng___1
2026-09-20 14:00:00,11.522582054138184,0.5441479682922363,32.333961486816406,0.5441479682922363,32.333961486816406,MTkyLjE2OC4xMi44Ng___1
2026-09-20 15:00:00,11.713662147521973,0.6324353218078613,32.64217758178711,0.6324353218078613,32.64217758178711,MTkyLjE2OC4xMi44Ng___1
2026-09-20 16:00:00,12.04548168182373,0.6619911193847656,33.04840850830078,0.6619911193847656,33.04840850830078,MTkyLjE2OC4xMi44Ng___1
2026-09-20 17:00:00,12.092408180236816,0.7792162895202637,32.94282913208008,0.7792162895202637,32.94282913208008,MTkyLjE2OC4xMi44Ng___1
2026-09-20 18:00:00,12.099288940429688,0.43048095703125,32.8425407409668,0.43048095703125,32.8425407409668,MTkyLjE2OC4xMi44Ng___1
2026-09-20 19:00:00,11.975577354431152,0.445950984954834,32.28555679321289,0.445950984954834,32.28555679321289,MTkyLjE2OC4xMi44Ng___1
2026-09-20 20:00:00,11.853500366210938,0.41355228424072266,32.18961715698242,0.41355228424072266,32.18961715698242,MTkyLjE2OC4xMi44Ng___1
2026-09-20 21:00:00,12.412910461425781,1.1547775268554688,30.638431549072266,1.1547775268554688,30.638431549072266,MTkyLjE2OC4xMi44Ng___1
2026-09-20 22:00:00,12.285184860229492,1.4970145225524902,29.930038452148438,1.4970145225524902,29.930038452148438,MTkyLjE2OC4xMi44Ng___1
2026-09-20 23:00:00,12.281580924987793,1.5479927062988281,29.805267333984375,1.5479927062988281,29.805267333984375,MTkyLjE2OC4xMi44Ng___1
2026-09-21 00:00:00,12.23546314239502,1.496396541595459,30.575279235839844,1.496396541595459,30.575279235839844,MTkyLjE2OC4xMi44Ng___1
2026-09-21 01:00:00,12.233948707580566,1.2072348594665527,31.251384735107422,1.2072348594665527,31.251384735107422,MTkyLjE2OC4xMi44Ng___1
2026-09-21 02:00:00,12.218180656433105,1.2867212295532227,31.080215454101562,1.2867212295532227,31.080215454101562,MTkyLjE2OC4xMi44Ng___1
2026-09-21 03:00:00,12.005289077758789,1.17449951171875,31.31916046142578,1.17449951171875,31.31916046142578,MTkyLjE2OC4xMi44Ng___1
2026-09-21 04:00:00,12.028509140014648,0.6825394630432129,31.009265899658203,0.6825394630432129,31.009265899658203,MTkyLjE2OC4xMi44Ng___1
2026-09-21 05:00:00,11.91757583618164,0.9534473419189453,31.704299926757812,0.9534473419189453,31.704299926757812,MTkyLjE2OC4xMi44Ng___1
2026-09-21 06:00:00,12.03723430633545,0.9516181945800781,31.80040740966797,0.9516181945800781,31.80040740966797,MTkyLjE2OC4xMi44Ng___1
2026-09-21 07:00:00,11.853562355041504,1.35056734085083,31.631725311279297,1.35056734085083,31.631725311279297,MTkyLjE2OC4xMi44Ng___1
2026-09-21 08:00:00,12.016498565673828,1.3988194465637207,31.8896484375,1.3988194465637207,31.8896484375,MTkyLjE2OC4xMi44Ng___1
2026-09-21 09:00:00,12.120180130004883,1.187614917755127,31.80709457397461,1.187614917755127,31.80709457397461,MTkyLjE2OC4xMi44Ng___1
2026-09-21 10:00:00,12.173357963562012,0.9158411026000977,32.0443229675293,0.9158411026000977,32.0443229675293,MTkyLjE2OC4xMi44Ng___1
2026-09-21 11:00:00,12.082159996032715,0.8196158409118652,31.692012786865234,0.8196158409118652,31.692012786865234,MTkyLjE2OC4xMi44Ng___1
2026-09-21 12:00:00,12.187601089477539,0.7917642593383789,32.62962341308594,0.7917642593383789,32.62962341308594,MTkyLjE2OC4xMi44Ng___1
2026-09-21 13:00:00,12.855310440063477,1.2304110527038574,31.24295425415039,1.2304110527038574,31.24295425415039,MTkyLjE2OC4xMi44Ng___1
2026-09-21 14:00:00,12.828279495239258,1.806539535522461,30.752792358398438,1.806539535522461,30.752792358398438,MTkyLjE2OC4xMi44Ng___1
2026-09-21 15:00:00,12.986412048339844,1.7417826652526855,30.371734619140625,1.7417826652526855,30.371734619140625,MTkyLjE2OC4xMi44Ng___1
2026-09-21 16:00:00,12.930558204650879,1.6995115280151367,31.205062866210938,1.6995115280151367,31.205062866210938,MTkyLjE2OC4xMi44Ng___1
2026-09-21 17:00:00,13.017803192138672,1.4303669929504395,31.817035675048828,1.4303669929504395,31.817035675048828,MTkyLjE2OC4xMi44Ng___1
2026-09-21 18:00:00,12.822275161743164,1.3885035514831543,31.257301330566406,1.3885035514831543,31.257301330566406,MTkyLjE2OC4xMi44Ng___1
2026-09-21 19:00:00,12.557862281799316,1.2844276428222656,31.01650619506836,1.2844276428222656,31.01650619506836,MTkyLjE2OC4xMi44Ng___1
2026-09-21 20:00:00,12.462457656860352,1.0311803817749023,30.21268081665039,1.0311803817749023,30.21268081665039,MTkyLjE2OC4xMi44Ng___1
2026-09-21 21:00:00,12.33985710144043,1.107710361480713,30.2188720703125,1.107710361480713,30.2188720703125,MTkyLjE2OC4xMi44Ng___1
2026-09-21 22:00:00,12.237316131591797,0.9960422515869141,30.390914916992188,0.9960422515869141,30.390914916992188,MTkyLjE2OC4xMi44Ng___1
2026-09-21 23:00:00,12.123315811157227,1.4364562034606934,29.86672592163086,1.4364562034606934,29.86672592163086,MTkyLjE2OC4xMi44Ng___1
2026-09-22 00:00:00,12.132455825805664,1.3826041221618652,30.204383850097656,1.3826041221618652,30.204383850097656,MTkyLjE2OC4xMi44Ng___1
2026-09-22 01:00:00,12.063287734985352,1.2514519691467285,29.69983673095703,1.2514519691467285,29.69983673095703,MTkyLjE2OC4xMi44Ng___1
2026-09-22 02:00:00,11.93654727935791,1.012580394744873,29.695388793945312,1.012580394744873,29.695388793945312,MTkyLjE2OC4xMi44Ng___1
2026-09-22 03:00:00,11.806066513061523,0.7472076416015625,29.07562255859375,0.7472076416015625,29.07562255859375,MTkyLjE2OC4xMi44Ng___1
2026-09-22 04:00:00,11.755973815917969,0.6637969017028809,29.54564666748047,0.6637969017028809,29.54564666748047,MTkyLjE2OC4xMi44Ng___1
2026-09-22 05:00:00,11.979280471801758,0.8383336067199707,29.232215881347656,0.8383336067199707,29.232215881347656,MTkyLjE2OC4xMi44Ng___1
2026-09-22 06:00:00,11.924118041992188,1.1087441444396973,28.72357177734375,1.1087441444396973,28.72357177734375,MTkyLjE2OC4xMi44Ng___1
2026-09-22 07:00:00,11.947996139526367,1.132209300994873,28.751380920410156,1.132209300994873,28.751380920410156,MTkyLjE2OC4xMi44Ng___1
2026-09-22 08:00:00,11.991872787475586,1.07063627243042,29.700321197509766,1.07063627243042,29.700321197509766,MTkyLjE2OC4xMi44Ng___1
2026-09-22 09:00:00,12.011695861816406,0.8040962219238281,30.489521026611328,0.8040962219238281,30.489521026611328,MTkyLjE2OC4xMi44Ng___1
2026-09-22 10:00:00,12.113717079162598,0.8984799385070801,30.57754135131836,0.8984799385070801,30.57754135131836,MTkyLjE2OC4xMi44Ng___1
2026-09-22 11:00:00,11.944778442382812,0.808408260345459,30.984573364257812,0.808408260345459,30.984573364257812,MTkyLjE2OC4xMi44Ng___1
2026-09-22 12:00:00,12.039493560791016,0.4218788146972656,30.915603637695312,0.4218788146972656,30.915603637695312,MTkyLjE2OC4xMi44Ng___1
2026-09-22 13:00:00,12.050472259521484,0.632418155670166,31.520427703857422,0.632418155670166,31.520427703857422,MTkyLjE2OC4xMi44Ng___1
2026-09-22 14:00:00,12.063058853149414,0.6530609130859375,32.17690658569336,0.6530609130859375,32.17690658569336,MTkyLjE2OC4xMi44Ng___1
2026-09-22 15:00:00,12.175080299377441,1.2752947807312012,32.081607818603516,1.2752947807312012,32.081607818603516,MTkyLjE2OC4xMi44Ng___1
2026-09-22 16:00:00,12.25792407989502,1.253438949584961,32.35172653198242,1.253438949584961,32.35172653198242,MTkyLjE2OC4xMi44Ng___1
2026-09-22 17:00:00,12.328847885131836,1.2634296417236328,32.537445068359375,1.2634296417236328,32.537445068359375,MTkyLjE2OC4xMi44Ng___1
2026-09-22 18:00:00,12.248635292053223,0.8998265266418457,32.43760681152344,0.8998265266418457,32.43760681152344,MTkyLjE2OC4xMi44Ng___1
2026-09-22 19:00:00,12.071871757507324,0.6448683738708496,31.771202087402344,0.6448683738708496,31.771202087402344,MTkyLjE2OC4xMi44Ng___1
2026-09-22 20:00:00,11.9993896484375,0.5786557197570801,31.921878814697266,0.5786557197570801,31.921878814697266,MTkyLjE2OC4xMi44Ng___1
2026-09-22 21:00:00,12.360755920410156,0.5217084884643555,30.339191436767578,0.5217084884643555,30.339191436767578,MTkyLjE2OC4xMi44Ng___1
2026-09-22 22:00:00,12.191511154174805,1.030853271484375,29.885433197021484,1.030853271484375,29.885433197021484,MTkyLjE2OC4xMi44Ng___1
2026-09-22 23:00:00,12.213873863220215,0.8785600662231445,29.810298919677734,0.8785600662231445,29.810298919677734,MTkyLjE2OC4xMi44Ng___1
2026-09-23 00:00:00,12.136930465698242,0.7760586738586426,30.89957046508789,0.7760586738586426,30.89957046508789,MTkyLjE2OC4xMi44Ng___1
2026-09-23 01:00:00,12.009418487548828,0.5099668502807617,31.52994155883789,0.5099668502807617,31.52994155883789,MTkyLjE2OC4xMi44Ng___1
2026-09-23 02:00:00,11.99136734008789,0.5427732467651367,30.999401092529297,0.5427732467651367,30.999401092529297,MTkyLjE2OC4xMi44Ng___1
2026-09-23 03:00:00,11.7548189163208,0.362640380859375,31.12305450439453,0.362640380859375,31.12305450439453,MTkyLjE2OC4xMi44Ng___1
2026-09-23 04:00:00,11.760293960571289,-0.16350460052490234,30.763080596923828,-0.16350460052490234,30.763080596923828,MTkyLjE2OC4xMi44Ng___1
2026-09-23 05:00:00,11.693038940429688,0.19734859466552734,31.753437042236328,0.19734859466552734,31.753437042236328,MTkyLjE2OC4xMi44Ng___1
2026-09-23 06:00:00,11.716278076171875,0.3194561004638672,31.787044525146484,0.3194561004638672,31.787044525146484,MTkyLjE2OC4xMi44Ng___1
2026-09-23 07:00:00,11.636313438415527,0.8137311935424805,31.216522216796875,0.8137311935424805,31.216522216796875,MTkyLjE2OC4xMi44Ng___1
2026-09-23 08:00:00,11.769097328186035,0.8232345581054688,31.81771469116211,0.8232345581054688,31.81771469116211,MTkyLjE2OC4xMi44Ng___1
2026-09-23 09:00:00,11.907575607299805,0.6704578399658203,31.859539031982422,0.6704578399658203,31.859539031982422,MTkyLjE2OC4xMi44Ng___1
2026-09-23 10:00:00,11.891783714294434,0.3847980499267578,32.68608474731445,0.3847980499267578,32.68608474731445,MTkyLjE2OC4xMi44Ng___1
2026-09-23 11:00:00,11.927148818969727,0.1382617950439453,33.259681701660156,0.1382617950439453,33.259681701660156,MTkyLjE2OC4xMi44Ng___1
2026-09-23 12:00:00,12.25135612487793,-0.19290733337402344,35.45509338378906,-0.19290733337402344,35.45509338378906,MTkyLjE2OC4xMi44Ng___1
2026-09-23 13:00:00,12.665051460266113,0.5322513580322266,34.360233306884766,0.5322513580322266,34.360233306884766,MTkyLjE2OC4xMi44Ng___1
2026-09-23 14:00:00,12.61501407623291,0.9988822937011719,33.82882308959961,0.9988822937011719,33.82882308959961,MTkyLjE2OC4xMi44Ng___1
2026-09-23 15:00:00,12.753588676452637,0.8336801528930664,33.3617057800293,0.8336801528930664,33.3617057800293,MTkyLjE2OC4xMi44Ng___1
2026-09-23 16:00:00,12.707206726074219,0.8154430389404297,34.295413970947266,0.8154430389404297,34.295413970947266,MTkyLjE2OC4xMi44Ng___1
2026-09-23 17:00:00,12.773187637329102,0.5485877990722656,35.23214340209961,0.5485877990722656,35.23214340209961,MTkyLjE2OC4xMi44Ng___1
2026-09-23 18:00:00,12.60461139678955,0.5634541511535645,34.32761001586914,0.5634541511535645,34.32761001586914,MTkyLjE2OC4xMi44Ng___1
2026-09-23 19:00:00,12.332350730895996,0.46132755279541016,34.1810302734375,0.46132755279541016,34.1810302734375,MTkyLjE2OC4xMi44Ng___1
2026-09-23 20:00:00,12.1996431350708,0.23667335510253906,33.371883392333984,0.23667335510253906,33.371883392333984,MTkyLjE2OC4xMi44Ng___1
2026-09-23 21:00:00,12.144424438476562,0.3306865692138672,33.892127990722656,0.3306865692138672,33.892127990722656,MTkyLjE2OC4xMi44Ng___1
2026-09-23 22:00:00,12.037125587463379,0.30217456817626953,33.819801330566406,0.30217456817626953,33.819801330566406,MTkyLjE2OC4xMi44Ng___1
2026-09-23 23:00:00,11.862340927124023,0.5121569633483887,32.992835998535156,0.5121569633483887,32.992835998535156,MTkyLjE2OC4xMi44Ng___1
2026-09-24 00:00:00,11.802684783935547,0.4691281318664551,33.17815017700195,0.4691281318664551,33.17815017700195,MTkyLjE2OC4xMi44Ng___1
2026-09-24 01:00:00,11.743034362792969,0.2493305206298828,32.76237106323242,0.2493305206298828,32.76237106323242,MTkyLjE2OC4xMi44Ng___1
2026-09-24 02:00:00,11.543866157531738,0.09032821655273438,33.02297592163086,0.09032821655273438,33.02297592163086,MTkyLjE2OC4xMi44Ng___1
2026-09-24 03:00:00,11.51869010925293,-0.04049968719482422,32.266788482666016,-0.04049968719482422,32.266788482666016,MTkyLjE2OC4xMi44Ng___1
2026-09-24 04:00:00,11.420852661132812,-0.17983436584472656,32.71214294433594,-0.17983436584472656,32.71214294433594,MTkyLjE2OC4xMi44Ng___1
2026-09-24 05:00:00,11.342588424682617,-0.16494464874267578,31.505413055419922,-0.16494464874267578,31.505413055419922,MTkyLjE2OC4xMi44Ng___1
2026-09-24 06:00:00,11.383843421936035,-0.08699226379394531,31.37942886352539,-0.08699226379394531,31.37942886352539,MTkyLjE2OC4xMi44Ng___1
2026-09-24 07:00:00,11.353483200073242,0.03589916229248047,31.40508270263672,0.03589916229248047,31.40508270263672,MTkyLjE2OC4xMi44Ng___1
2026-09-24 08:00:00,11.41702651977539,-0.16501903533935547,32.70542526245117,-0.16501903533935547,32.70542526245117,MTkyLjE2OC4xMi44Ng___1
2026-09-24 09:00:00,11.39405632019043,-0.23615455627441406,33.97463607788086,-0.23615455627441406,33.97463607788086,MTkyLjE2OC4xMi44Ng___1
2026-09-24 10:00:00,11.54957389831543,-0.16405773162841797,33.89198303222656,-0.16405773162841797,33.89198303222656,MTkyLjE2OC4xMi44Ng___1
2026-09-24 11:00:00,11.48865795135498,-0.4624319076538086,34.712852478027344,-0.4624319076538086,34.712852478027344,MTkyLjE2OC4xMi44Ng___1
2026-09-24 12:00:00,11.520041465759277,-0.8178958892822266,34.48497009277344,-0.8178958892822266,34.48497009277344,MTkyLjE2OC4xMi44Ng___1
2026-09-24 13:00:00,11.619267463684082,-0.4689359664916992,35.58214569091797,-0.4689359664916992,35.58214569091797,MTkyLjE2OC4xMi44Ng___1
2026-09-24 14:00:00,11.556896209716797,-0.29953861236572266,36.06278991699219,-0.29953861236572266,36.06278991699219,MTkyLjE2OC4xMi44Ng___1
2026-09-24 15:00:00,11.716957092285156,-0.10023975372314453,36.293460845947266,-0.10023975372314453,36.293460845947266,MTkyLjE2OC4xMi44Ng___1
2026-09-24 16:00:00,11.866147994995117,-0.004078865051269531,36.28022384643555,-0.004078865051269531,36.28022384643555,MTkyLjE2OC4xMi44Ng___1
2026-09-24 17:00:00,11.956217765808105,-0.2089996337890625,36.270267486572266,-0.2089996337890625,36.270267486572266,MTkyLjE2OC4xMi44Ng___1
2026-09-24 18:00:00,11.942326545715332,-0.43749523162841797,36.558433532714844,-0.43749523162841797,36.558433532714844,MTkyLjE2OC4xMi44Ng___1
2026-09-24 19:00:00,11.82473373413086,-0.4018707275390625,36.10220718383789,-0.4018707275390625,36.10220718383789,MTkyLjE2OC4xMi44Ng___1
2026-09-24 20:00:00,11.726740837097168,-0.42369747161865234,36.406654357910156,-0.42369747161865234,36.406654357910156,MTkyLjE2OC4xMi44Ng___1
2026-09-24 21:00:00,11.882378578186035,-0.02606678009033203,34.58287048339844,-0.02606678009033203,34.58287048339844,MTkyLjE2OC4xMi44Ng___1
2026-09-24 22:00:00,11.915840148925781,0.23783111572265625,33.87267303466797,0.23783111572265625,33.87267303466797,MTkyLjE2OC4xMi44Ng___1
2026-09-24 23:00:00,11.795741081237793,0.3939523696899414,33.654441833496094,0.3939523696899414,33.654441833496094,MTkyLjE2OC4xMi44Ng___1
2026-09-25 00:00:00,11.730509757995605,0.2801198959350586,34.54712677001953,0.2801198959350586,34.54712677001953,MTkyLjE2OC4xMi44Ng___1
2026-09-25 01:00:00,11.630192756652832,0.20941162109375,35.95058059692383,0.20941162109375,35.95058059692383,MTkyLjE2OC4xMi44Ng___1
2026-09-25 02:00:00,11.688577651977539,0.30867862701416016,35.42821502685547,0.30867862701416016,35.42821502685547,MTkyLjE2OC4xMi44Ng___1
2026-09-25 03:00:00,11.58505916595459,-0.09143543243408203,36.06940841674805,-0.09143543243408203,36.06940841674805,MTkyLjE2OC4xMi44Ng___1
2026-09-25 04:00:00,11.600542068481445,-0.3159914016723633,35.5432243347168,-0.3159914016723633,35.5432243347168,MTkyLjE2OC4xMi44Ng___1
2026-09-25 05:00:00,11.521345138549805,-0.08703327178955078,36.23858642578125,-0.08703327178955078,36.23858642578125,MTkyLjE2OC4xMi44Ng___1
2026-09-25 06:00:00,11.520232200622559,-0.0007104873657226562,36.125633239746094,-0.0007104873657226562,36.125633239746094,MTkyLjE2OC4xMi44Ng___1
2026-09-25 07:00:00,11.449180603027344,0.23906707763671875,36.032310485839844,0.23906707763671875,36.032310485839844,MTkyLjE2OC4xMi44Ng___1
2026-09-25 08:00:00,11.485511779785156,0.25763511657714844,35.88692855834961,0.25763511657714844,35.88692855834961,MTkyLjE2OC4xMi44Ng___1
2026-09-25 09:00:00,11.590242385864258,-0.13905620574951172,36.0303955078125,-0.13905620574951172,36.0303955078125,MTkyLjE2OC4xMi44Ng___1
2026-09-25 10:00:00,11.611397743225098,-0.16272544860839844,36.465293884277344,-0.16272544860839844,36.465293884277344,MTkyLjE2OC4xMi44Ng___1
2026-09-25 11:00:00,11.634109497070312,-0.1008920669555664,36.75035095214844,-0.1008920669555664,36.75035095214844,MTkyLjE2OC4xMi44Ng___1
2026-09-25 12:00:00,11.631914138793945,-0.2816896438598633,38.26521301269531,-0.2816896438598633,38.26521301269531,MTkyLjE2OC4xMi44Ng___1
2026-09-25 13:00:00,11.564900398254395,-0.5528087615966797,35.172080993652344,-0.5528087615966797,35.172080993652344,MTkyLjE2OC4xMi44Ng___1
2026-09-25 14:00:00,11.631739616394043,-0.1616382598876953,34.45396041870117,-0.1616382598876953,34.45396041870117,MTkyLjE2OC4xMi44Ng___1
2026-09-25 15:00:00,11.694869041442871,-0.04315948486328125,34.230831146240234,-0.04315948486328125,34.230831146240234,MTkyLjE2OC4xMi44Ng___1
2026-09-25 16:00:00,11.672708511352539,0.054961204528808594,34.9088020324707,0.054961204528808594,34.9088020324707,MTkyLjE2OC4xMi44Ng___1
2026-09-25 17:00:00,11.621567726135254,-0.11063289642333984,36.6317253112793,-0.11063289642333984,36.6317253112793,MTkyLjE2OC4xMi44Ng___1
2026-09-25 18:00:00,11.551700592041016,-0.060929298400878906,36.240055084228516,-0.060929298400878906,36.240055084228516,MTkyLjE2OC4xMi44Ng___1
2026-09-25 19:00:00,11.441377639770508,-0.5235834121704102,36.35942840576172,-0.5235834121704102,36.35942840576172,MTkyLjE2OC4xMi44Ng___1
2026-09-25 20:00:00,11.318000793457031,-0.45777416229248047,34.74676513671875,-0.45777416229248047,34.74676513671875,MTkyLjE2OC4xMi44Ng___1
2026-09-25 21:00:00,11.206928253173828,-0.32427120208740234,35.126007080078125,-0.32427120208740234,35.126007080078125,MTkyLjE2OC4xMi44Ng___1
2026-09-25 22:00:00,11.112632751464844,-0.25521373748779297,35.21371841430664,-0.25521373748779297,35.21371841430664,MTkyLjE2OC4xMi44Ng___1
2026-09-25 23:00:00,11.005184173583984,-0.3451080322265625,34.95745849609375,-0.3451080322265625,34.95745849609375,MTkyLjE2OC4xMi44Ng___1
2026-09-26 00:00:00,10.987000465393066,-0.2213916778564453,34.51146697998047,-0.2213916778564453,34.51146697998047,MTkyLjE2OC4xMi44Ng___1
2026-09-26 01:00:00,10.91053581237793,-0.5880727767944336,34.68572235107422,-0.5880727767944336,34.68572235107422,MTkyLjE2OC4xMi44Ng___1
2026-09-26 02:00:00,10.779258728027344,-0.5830545425415039,34.734031677246094,-0.5830545425415039,34.734031677246094,MTkyLjE2OC4xMi44Ng___1
2026-09-26 03:00:00,10.765213966369629,-0.44622802734375,33.78695297241211,-0.44622802734375,33.78695297241211,MTkyLjE2OC4xMi44Ng___1
2026-09-26 04:00:00,10.589469909667969,-0.6666259765625,34.40243911743164,-0.6666259765625,34.40243911743164,MTkyLjE2OC4xMi44Ng___1
2026-09-26 05:00:00,10.490623474121094,-0.9849176406860352,32.6368408203125,-0.9849176406860352,32.6368408203125,MTkyLjE2OC4xMi44Ng___1
2026-09-26 06:00:00,10.43864917755127,-0.7915687561035156,31.536277770996094,-0.7915687561035156,31.536277770996094,MTkyLjE2OC4xMi44Ng___1
2026-09-26 07:00:00,10.477119445800781,-0.49853038787841797,31.506500244140625,-0.49853038787841797,31.506500244140625,MTkyLjE2OC4xMi44Ng___1
2026-09-26 08:00:00,10.478973388671875,-0.5277442932128906,32.31657791137695,-0.5277442932128906,32.31657791137695,MTkyLjE2OC4xMi44Ng___1
2026-09-26 09:00:00,10.413147926330566,-0.6504020690917969,34.047340393066406,-0.6504020690917969,34.047340393066406,MTkyLjE2OC4xMi44Ng___1
2026-09-26 10:00:00,10.577691078186035,-0.6530685424804688,34.19490432739258,-0.6530685424804688,34.19490432739258,MTkyLjE2OC4xMi44Ng___1
2026-09-26 11:00:00,10.648750305175781,-1.1288814544677734,35.02613067626953,-1.1288814544677734,35.02613067626953,MTkyLjE2OC4xMi44Ng___1
2026-09-26 12:00:00,10.663965225219727,-1.1845216751098633,34.56194305419922,-1.1845216751098633,34.56194305419922,MTkyLjE2OC4xMi44Ng___1
2026-09-26 13:00:00,10.674610137939453,-0.8837671279907227,35.272430419921875,-0.8837671279907227,35.272430419921875,MTkyLjE2OC4xMi44Ng___1
2026-09-26 14:00:00,10.653337478637695,-0.7355632781982422,35.780086517333984,-0.7355632781982422,35.780086517333984,MTkyLjE2OC4xMi44Ng___1
2026-09-26 15:00:00,10.782682418823242,-0.8428716659545898,35.957332611083984,-0.8428716659545898,35.957332611083984,MTkyLjE2OC4xMi44Ng___1
2026-09-26 16:00:00,10.864885330200195,-0.7399635314941406,35.733245849609375,-0.7399635314941406,35.733245849609375,MTkyLjE2OC4xMi44Ng___1
2026-09-26 17:00:00,10.89564323425293,-1.0530576705932617,35.98851013183594,-1.0530576705932617,35.98851013183594,MTkyLjE2OC4xMi44Ng___1
2026-09-26 18:00:00,10.8001708984375,-1.0575475692749023,35.80647277832031,-1.0575475692749023,35.80647277832031,MTkyLjE2OC4xMi44Ng___1
2026-09-26 19:00:00,10.753288269042969,-0.8395557403564453,35.4269905090332,-0.8395557403564453,35.4269905090332,MTkyLjE2OC4xMi44Ng___1
2026-09-26 20:00:00,10.531039237976074,-0.9218568801879883,35.50261688232422,-0.9218568801879883,35.50261688232422,MTkyLjE2OC4xMi44Ng___1
2026-09-26 21:00:00,10.709067344665527,-1.3326740264892578,34.7505989074707,-1.3326740264892578,34.7505989074707,MTkyLjE2OC4xMi44Ng___1
2026-09-26 22:00:00,10.605294227600098,-1.0013723373413086,33.84590530395508,-1.0013723373413086,33.84590530395508,MTkyLjE2OC4xMi44Ng___1
2026-09-26 23:00:00,10.584781646728516,-0.8307905197143555,33.62345504760742,-0.8307905197143555,33.62345504760742,MTkyLjE2OC4xMi44Ng___1
2026-09-27 00:00:00,10.486095428466797,-1.0645933151245117,34.458587646484375,-1.0645933151245117,34.458587646484375,MTkyLjE2OC4xMi44Ng___1
2026-09-27 01:00:00,10.238770484924316,-1.0701360702514648,36.20400619506836,-1.0701360702514648,36.20400619506836,MTkyLjE2OC4xMi44Ng___1
2026-09-27 02:00:00,10.342790603637695,-0.9888553619384766,35.82624435424805,-0.9888553619384766,35.82624435424805,MTkyLjE2OC4xMi44Ng___1
2026-09-27 03:00:00,10.323463439941406,-1.3299579620361328,35.96549606323242,-1.3299579620361328,35.96549606323242,MTkyLjE2OC4xMi44Ng___1
2026-09-27 04:00:00,10.219491004943848,-1.373636245727539,35.87137222290039,-1.373636245727539,35.87137222290039,MTkyLjE2OC4xMi44Ng___1
2026-09-27 05:00:00,10.154548645019531,-0.9975156784057617,36.534690856933594,-0.9975156784057617,36.534690856933594,MTkyLjE2OC4xMi44Ng___1
2026-09-27 06:00:00,10.187691688537598,-1.086380958557129,36.578330993652344,-1.086380958557129,36.578330993652344,MTkyLjE2OC4xMi44Ng___1
2026-09-27 07:00:00,10.127495765686035,-0.8769950866699219,36.47738265991211,-0.8769950866699219,36.47738265991211,MTkyLjE2OC4xMi44Ng___1
2026-09-27 08:00:00,10.25625991821289,-0.9269037246704102,36.00495529174805,-0.9269037246704102,36.00495529174805,MTkyLjE2OC4xMi44Ng___1
2026-09-27 09:00:00,10.313210487365723,-1.289834976196289,37.04092025756836,-1.289834976196289,37.04092025756836,MTkyLjE2OC4xMi44Ng___1
2026-09-27 10:00:00,10.34521198272705,-1.4363632202148438,37.17880630493164,-1.4363632202148438,37.17880630493164,MTkyLjE2OC4xMi44Ng___1
2026-09-27 11:00:00,10.443192481994629,-1.4537010192871094,37.84990692138672,-1.4537010192871094,37.84990692138672,MTkyLjE2OC4xMi44Ng___1
2026-09-27 12:00:00,10.49874496459961,-1.8923377990722656,39.532188415527344,-1.8923377990722656,39.532188415527344,MTkyLjE2OC4xMi44Ng___1
2026-09-27 13:00:00,10.582414627075195,-1.7812118530273438,37.28065872192383,-1.7812118530273438,37.28065872192383,MTkyLjE2OC4xMi44Ng___1
2026-09-27 14:00:00,10.58292007446289,-1.362269401550293,35.742008209228516,-1.362269401550293,35.742008209228516,MTkyLjE2OC4xMi44Ng___1
2026-09-27 15:00:00,10.72637939453125,-1.247584342956543,35.36918640136719,-1.247584342956543,35.36918640136719,MTkyLjE2OC4xMi44Ng___1
2026-09-27 16:00:00,10.663073539733887,-1.3043222427368164,36.1713981628418,-1.3043222427368164,36.1713981628418,MTkyLjE2OC4xMi44Ng___1
2026-09-27 17:00:00,10.546074867248535,-1.2904052734375,38.04017639160156,-1.2904052734375,38.04017639160156,MTkyLjE2OC4xMi44Ng___1
2026-09-27 18:00:00,10.515958786010742,-1.408268928527832,37.645137786865234,-1.408268928527832,37.645137786865234,MTkyLjE2OC4xMi44Ng___1
2026-09-27 19:00:00,10.424060821533203,-1.8380565643310547,37.802608489990234,-1.8380565643310547,37.802608489990234,MTkyLjE2OC4xMi44Ng___1
2026-09-27 20:00:00,10.223329544067383,-1.589493751525879,35.98276901245117,-1.589493751525879,35.98276901245117,MTkyLjE2OC4xMi44Ng___1
2026-09-27 21:00:00,10.117109298706055,-1.3934850692749023,36.87141418457031,-1.3934850692749023,36.87141418457031,MTkyLjE2OC4xMi44Ng___1
2026-09-27 22:00:00,10.074567794799805,-1.5486202239990234,36.76039505004883,-1.5486202239990234,36.76039505004883,MTkyLjE2OC4xMi44Ng___1
2026-09-27 23:00:00,9.912837028503418,-1.549820899963379,36.69499206542969,-1.549820899963379,36.69499206542969,MTkyLjE2OC4xMi44Ng___1
2026-09-28 00:00:00,9.935873031616211,-1.4247455596923828,35.731056213378906,-1.4247455596923828,35.731056213378906,MTkyLjE2OC4xMi44Ng___1
2026-09-28 01:00:00,9.788732528686523,-1.6090717315673828,36.403472900390625,-1.6090717315673828,36.403472900390625,MTkyLjE2OC4xMi44Ng___1
2026-09-28 02:00:00,9.655374526977539,-1.848811149597168,35.892677307128906,-1.848811149597168,35.892677307128906,MTkyLjE2OC4xMi44Ng___1
2026-09-28 03:00:00,9.582501411437988,-1.8539819717407227,35.327457427978516,-1.8539819717407227,35.327457427978516,MTkyLjE2OC4xMi44Ng___1
2026-09-28 04:00:00,9.437397003173828,-2.0979814529418945,35.30059814453125,-2.0979814529418945,35.30059814453125,MTkyLjE2OC4xMi44Ng___1
2026-09-28 05:00:00,9.629841804504395,-2.2321090698242188,37.74580383300781,-2.2321090698242188,37.74580383300781,MTkyLjE2OC4xMi44Ng___1
2026-09-28 06:00:00,9.579305648803711,-2.1455183029174805,35.07695770263672,-2.1455183029174805,35.07695770263672,MTkyLjE2OC4xMi44Ng___1
2026-09-28 07:00:00,9.55498218536377,-1.9051780700683594,34.578739166259766,-1.9051780700683594,34.578739166259766,MTkyLjE2OC4xMi44Ng___1
2026-09-28 08:00:00,9.489900588989258,-1.9946908950805664,36.29340744018555,-1.9946908950805664,36.29340744018555,MTkyLjE2OC4xMi44Ng___1
2026-09-28 09:00:00,9.464498519897461,-2.20668888092041,38.71458435058594,-2.20668888092041,38.71458435058594,MTkyLjE2OC4xMi44Ng___1
2026-09-28 10:00:00,9.665992736816406,-2.3667259216308594,38.43190383911133,-2.3667259216308594,38.43190383911133,MTkyLjE2OC4xMi44Ng___1
2026-09-28 11:00:00,9.665658950805664,-2.5131492614746094,38.20305633544922,-2.5131492614746094,38.20305633544922,MTkyLjE2OC4xMi44Ng___1
2026-09-28 12:00:00,9.613054275512695,-2.475264549255371,39.349327087402344,-2.475264549255371,39.349327087402344,MTkyLjE2OC4xMi44Ng___1
2026-09-28 13:00:00,9.684066772460938,-2.028482437133789,38.933990478515625,-2.028482437133789,38.933990478515625,MTkyLjE2OC4xMi44Ng___1
2026-09-28 14:00:00,9.691071510314941,-2.208134651184082,39.125064849853516,-2.208134651184082,39.125064849853516,MTkyLjE2OC4xMi44Ng___1
2026-09-28 15:00:00,9.82225513458252,-2.38173770904541,39.870906829833984,-2.38173770904541,39.870906829833984,MTkyLjE2OC4xMi44Ng___1
2026-09-28 16:00:00,9.992875099182129,-2.279303550720215,39.55607223510742,-2.279303550720215,39.55607223510742,MTkyLjE2OC4xMi44Ng___1
2026-09-28 17:00:00,10.015884399414062,-2.409836769104004,39.88775634765625,-2.409836769104004,39.88775634765625,MTkyLjE2OC4xMi44Ng___1
2026-09-28 18:00:00,9.96115779876709,-2.523550033569336,39.4698600769043,-2.523550033569336,39.4698600769043,MTkyLjE2OC4xMi44Ng___1
2026-09-28 19:00:00,9.879762649536133,-2.3561649322509766,39.450809478759766,-2.3561649322509766,39.450809478759766,MTkyLjE2OC4xMi44Ng___1
2026-09-28 20:00:00,9.671733856201172,-2.3824567794799805,39.16397476196289,-2.3824567794799805,39.16397476196289,MTkyLjE2OC4xMi44Ng___1
2026-09-28 21:00:00,10.112095832824707,-1.6780290603637695,39.20679473876953,-1.6780290603637695,39.20679473876953,MTkyLjE2OC4xMi44Ng___1
2026-09-28 22:00:00,10.157660484313965,-1.711599349975586,36.481475830078125,-1.711599349975586,36.481475830078125,MTkyLjE2OC4xMi44Ng___1
2026-09-28 23:00:00,10.154565811157227,-1.3432788848876953,35.81581115722656,-1.3432788848876953,35.81581115722656,MTkyLjE2OC4xMi44Ng___1
2026-09-29 00:00:00,10.004122734069824,-1.5131359100341797,36.821678161621094,-1.5131359100341797,36.821678161621094,MTkyLjE2OC4xMi44Ng___1
2026-09-29 01:00:00,9.883761405944824,-1.5275936126708984,39.160240173339844,-1.5275936126708984,39.160240173339844,MTkyLjE2OC4xMi44Ng___1
2026-09-29 02:00:00,10.009727478027344,-1.4965734481811523,38.59907150268555,-1.4965734481811523,38.59907150268555,MTkyLjE2OC4xMi44Ng___1
2026-09-29 03:00:00,10.071598052978516,-1.808237075805664,38.45840835571289,-1.808237075805664,38.45840835571289,MTkyLjE2OC4xMi44Ng___1
2026-09-29 04:00:00,9.997209548950195,-1.728989601135254,38.567317962646484,-1.728989601135254,38.567317962646484,MTkyLjE2OC4xMi44Ng___1
2026-09-29 05:00:00,9.983988761901855,-1.1869316101074219,38.63774490356445,-1.1869316101074219,38.63774490356445,MTkyLjE2OC4xMi44Ng___1
2026-09-29 06:00:00,10.033341407775879,-1.5714044570922852,38.58143997192383,-1.5714044570922852,38.58143997192383,MTkyLjE2OC4xMi44Ng___1
2026-09-29 07:00:00,9.942581176757812,-1.331252098083496,38.4453125,-1.331252098083496,38.4453125,MTkyLjE2OC4xMi44Ng___1
2026-09-29 08:00:00,10.025087356567383,-1.257615089416504,37.55929946899414,-1.257615089416504,37.55929946899414,MTkyLjE2OC4xMi44Ng___1
2026-09-29 09:00:00,9.989913940429688,-1.4481353759765625,38.07233810424805,-1.4481353759765625,38.07233810424805,MTkyLjE2OC4xMi44Ng___1
2026-09-29 10:00:00,10.007098197937012,-1.7330217361450195,38.222434997558594,-1.7330217361450195,38.222434997558594,MTkyLjE2OC4xMi44Ng___1
2026-09-29 11:00:00,9.919981002807617,-1.621342658996582,37.284576416015625,-1.621342658996582,37.284576416015625,MTkyLjE2OC4xMi44Ng___1
2026-09-29 12:00:00,9.854677200317383,-1.814291000366211,37.922672271728516,-1.814291000366211,37.922672271728516,MTkyLjE2OC4xMi44Ng___1
2026-09-29 13:00:00,10.267192840576172,-1.9896421432495117,39.55732727050781,-1.9896421432495117,39.55732727050781,MTkyLjE2OC4xMi44Ng___1
2026-09-29 14:00:00,10.275200843811035,-1.7526607513427734,36.96680450439453,-1.7526607513427734,36.96680450439453,MTkyLjE2OC4xMi44Ng___1
2026-09-29 15:00:00,10.369440078735352,-1.654221534729004,36.509517669677734,-1.654221534729004,36.509517669677734,MTkyLjE2OC4xMi44Ng___1
2026-09-29 16:00:00,10.267582893371582,-1.7178888320922852,37.45551681518555,-1.7178888320922852,37.45551681518555,MTkyLjE2OC4xMi44Ng___1
2026-09-29 17:00:00,10.137914657592773,-1.7502765655517578,39.75511169433594,-1.7502765655517578,39.75511169433594,MTkyLjE2OC4xMi44Ng___1
2026-09-29 18:00:00,10.146039962768555,-1.7653942108154297,38.853694915771484,-1.7653942108154297,38.853694915771484,MTkyLjE2OC4xMi44Ng___1
2026-09-29 19:00:00,10.17369270324707,-2.1198949813842773,38.74950408935547,-2.1198949813842773,38.74950408935547,MTkyLjE2OC4xMi44Ng___1
2026-09-29 20:00:00,9.997292518615723,-1.8631048202514648,37.88345718383789,-1.8631048202514648,37.88345718383789,MTkyLjE2OC4xMi44Ng___1
2026-09-29 21:00:00,9.962254524230957,-1.4714899063110352,38.168819427490234,-1.4714899063110352,38.168819427490234,MTkyLjE2OC4xMi44Ng___1
2026-09-29 22:00:00,9.922982215881348,-1.7237539291381836,38.2978515625,-1.7237539291381836,38.2978515625,MTkyLjE2OC4xMi44Ng___1
2026-09-29 23:00:00,9.830031394958496,-1.5810632705688477,38.064666748046875,-1.5810632705688477,38.064666748046875,MTkyLjE2OC4xMi44Ng___1
2026-09-30 00:00:00,9.906184196472168,-1.5694284439086914,37.053958892822266,-1.5694284439086914,37.053958892822266,MTkyLjE2OC4xMi44Ng___1
2026-09-30 01:00:00,9.764084815979004,-1.6933250427246094,37.364295959472656,-1.6933250427246094,37.364295959472656,MTkyLjE2OC4xMi44Ng___1
2026-09-30 02:00:00,9.659844398498535,-1.948531150817871,37.48291015625,-1.948531150817871,37.48291015625,MTkyLjE2OC4xMi44Ng___1
2026-09-30 03:00:00,9.551193237304688,-1.9749298095703125,36.02951431274414,-1.9749298095703125,36.02951431274414,MTkyLjE2OC4xMi44Ng___1
2026-09-30 04:00:00,9.474810600280762,-2.1760787963867188,36.334861755371094,-2.1760787963867188,36.334861755371094,MTkyLjE2OC4xMi44Ng___1
2026-09-30 05:00:00,9.77495288848877,-2.073092460632324,38.42812728881836,-2.073092460632324,38.42812728881836,MTkyLjE2OC4xMi44Ng___1
2026-09-30 06:00:00,9.703193664550781,-1.8437614440917969,35.64857482910156,-1.8437614440917969,35.64857482910156,MTkyLjE2OC4xMi44Ng___1
2026-09-30 07:00:00,9.692503929138184,-1.881810188293457,34.80887222290039,-1.881810188293457,34.80887222290039,MTkyLjE2OC4xMi44Ng___1
2026-09-30 08:00:00,9.599981307983398,-1.910048484802246,36.40428924560547,-1.910048484802246,36.40428924560547,MTkyLjE2OC4xMi44Ng___1
2026-09-30 09:00:00,9.563608169555664,-1.9792661666870117,38.780906677246094,-1.9792661666870117,38.780906677246094,MTkyLjE2OC4xMi44Ng___1
2026-09-30 10:00:00,9.69018268585205,-2.0547685623168945,38.079933166503906,-2.0547685623168945,38.079933166503906,MTkyLjE2OC4xMi44Ng___1
2026-09-30 11:00:00,9.76927375793457,-2.3909358978271484,37.95098876953125,-2.3909358978271484,37.95098876953125,MTkyLjE2OC4xMi44Ng___1
2026-09-30 12:00:00,9.644403457641602,-2.06992244720459,38.38432312011719,-2.06992244720459,38.38432312011719,MTkyLjE2OC4xMi44Ng___1
2026-09-30 13:00:00,9.729591369628906,-1.6730356216430664,38.41855239868164,-1.6730356216430664,38.41855239868164,MTkyLjE2OC4xMi44Ng___1
2026-09-30 14:00:00,9.695592880249023,-1.9019689559936523,38.78202438354492,-1.9019689559936523,38.78202438354492,MTkyLjE2OC4xMi44Ng___1
2026-09-30 15:00:00,9.748222351074219,-1.735062599182129,38.91573715209961,-1.735062599182129,38.91573715209961,MTkyLjE2OC4xMi44Ng___1
2026-09-30 16:00:00,9.879904747009277,-1.7401800155639648,38.125946044921875,-1.7401800155639648,38.125946044921875,MTkyLjE2OC4xMi44Ng___1
2026-09-30 17:00:00,9.844501495361328,-2.007762908935547,38.560543060302734,-2.007762908935547,38.560543060302734,MTkyLjE2OC4xMi44Ng___1
2026-09-30 18:00:00,9.79537582397461,-2.1854143142700195,38.689571380615234,-2.1854143142700195,38.689571380615234,MTkyLjE2OC4xMi44Ng___1
2026-09-30 19:00:00,9.669147491455078,-2.0295419692993164,37.52073287963867,-2.0295419692993164,37.52073287963867,MTkyLjE2OC4xMi44Ng___1
2026-09-30 20:00:00,9.510560989379883,-2.2022619247436523,37.292747497558594,-2.2022619247436523,37.292747497558594,MTkyLjE2OC4xMi44Ng___1
2026-09-30 21:00:00,9.79298210144043,-1.9559288024902344,37.66645812988281,-1.9559288024902344,37.66645812988281,MTkyLjE2OC4xMi44Ng___1
2026-09-30 22:00:00,9.652701377868652,-1.6752309799194336,35.27635955810547,-1.6752309799194336,35.27635955810547,MTkyLjE2OC4xMi44Ng___1
2026-09-30 23:00:00,9.625595092773438,-1.8090229034423828,34.4114990234375,-1.8090229034423828,34.4114990234375,MTkyLjE2OC4xMi44Ng___1
2026-10-01 00:00:00,9.512293815612793,-1.9440288543701172,35.78736114501953,-1.9440288543701172,35.78736114501953,MTkyLjE2OC4xMi44Ng___1
2026-10-01 01:00:00,9.339158058166504,-1.8863525390625,37.561973571777344,-1.8863525390625,37.561973571777344,MTkyLjE2OC4xMi44Ng___1
2026-10-01 02:00:00,9.419912338256836,-1.9188594818115234,36.89617156982422,-1.9188594818115234,36.89617156982422,MTkyLjE2OC4xMi44Ng___1
2026-10-01 03:00:00,9.393101692199707,-2.20601749420166,36.392704010009766,-2.20601749420166,36.392704010009766,MTkyLjE2OC4xMi44Ng___1
2026-10-01 04:00:00,9.293037414550781,-1.955545425415039,37.09852981567383,-1.955545425415039,37.09852981567383,MTkyLjE2OC4xMi44Ng___1
2026-10-01 05:00:00,9.322608947753906,-1.6923751831054688,37.15713119506836,-1.6923751831054688,37.15713119506836,MTkyLjE2OC4xMi44Ng___1
2026-10-01 06:00:00,9.340362548828125,-1.9612150192260742,37.153568267822266,-1.9612150192260742,37.153568267822266,MTkyLjE2OC4xMi44Ng___1
2026-10-01 07:00:00,9.275301933288574,-1.7478199005126953,37.201324462890625,-1.7478199005126953,37.201324462890625,MTkyLjE2OC4xMi44Ng___1
2026-10-01 08:00:00,9.450919151306152,-1.6693544387817383,36.4546012878418,-1.6693544387817383,36.4546012878418,MTkyLjE2OC4xMi44Ng___1
2026-10-01 09:00:00,9.402351379394531,-1.8510780334472656,37.22855758666992,-1.8510780334472656,37.22855758666992,MTkyLjE2OC4xMi44Ng___1
2026-10-01 10:00:00,9.372633934020996,-2.1844539642333984,37.38998031616211,-2.1844539642333984,37.38998031616211,MTkyLjE2OC4xMi44Ng___1
2026-10-01 11:00:00,9.355295181274414,-2.109071731567383,37.09964370727539,-2.109071731567383,37.09964370727539,MTkyLjE2OC4xMi44Ng___1
2026-10-01 12:00:00,9.424259185791016,-2.417621612548828,38.193138122558594,-2.417621612548828,38.193138122558594,MTkyLjE2OC4xMi44Ng___1
2026-10-01 13:00:00,9.644139289855957,-2.0089406967163086,37.95524215698242,-2.0089406967163086,37.95524215698242,MTkyLjE2OC4xMi44Ng___1
2026-10-01 14:00:00,9.561644554138184,-1.7581701278686523,35.675994873046875,-1.7581701278686523,35.675994873046875,MTkyLjE2OC4xMi44Ng___1
2026-10-01 15:00:00,9.653084754943848,-1.9259052276611328,35.04570007324219,-1.9259052276611328,35.04570007324219,MTkyLjE2OC4xMi44Ng___1
2026-10-01 16:00:00,9.512613296508789,-1.999669075012207,36.33110809326172,-1.999669075012207,36.33110809326172,MTkyLjE2OC4xMi44Ng___1
2026-10-01 17:00:00,9.41851806640625,-1.996607780456543,38.638187408447266,-1.996607780456543,38.638187408447266,MTkyLjE2OC4xMi44Ng___1
2026-10-01 18:00:00,9.418600082397461,-1.9791889190673828,37.506526947021484,-1.9791889190673828,37.506526947021484,MTkyLjE2OC4xMi44Ng___1
2026-10-01 19:00:00,9.349030494689941,-2.3817853927612305,36.83631134033203,-2.3817853927612305,36.83631134033203,MTkyLjE2OC4xMi44Ng___1
2026-10-01 20:00:00,9.134881019592285,-1.871781349182129,36.03471755981445,-1.871781349182129,36.03471755981445,MTkyLjE2OC4xMi44Ng___1
2026-10-01 21:00:00,9.156877517700195,-1.8029861450195312,36.6339225769043,-1.8029861450195312,36.6339225769043,MTkyLjE2OC4xMi44Ng___1
2026-10-01 22:00:00,9.087655067443848,-2.0464868545532227,36.56741714477539,-2.0464868545532227,36.56741714477539,MTkyLjE2OC4xMi44Ng___1
2026-10-01 23:00:00,8.954155921936035,-1.902566909790039,36.334590911865234,-1.902566909790039,36.334590911865234,MTkyLjE2OC4xMi44Ng___1
2026-10-02 00:00:00,9.110965728759766,-1.86328125,35.42472457885742,-1.86328125,35.42472457885742,MTkyLjE2OC4xMi44Ng___1
2026-10-02 01:00:00,8.880088806152344,-1.891036033630371,36.2279167175293,-1.891036033630371,36.2279167175293,MTkyLjE2OC4xMi44Ng___1
2026-10-02 02:00:00,8.714700698852539,-2.2300567626953125,35.35009002685547,-2.2300567626953125,35.35009002685547,MTkyLjE2OC4xMi44Ng___1
2026-10-02 03:00:00,8.649508476257324,-2.4473228454589844,34.663387298583984,-2.4473228454589844,34.663387298583984,MTkyLjE2OC4xMi44Ng___1
2026-10-02 04:00:00,8.618063926696777,-2.589423179626465,34.625152587890625,-2.589423179626465,34.625152587890625,MTkyLjE2OC4xMi44Ng___1
2026-10-02 05:00:00,8.850837707519531,-2.0403404235839844,36.857872009277344,-2.0403404235839844,36.857872009277344,MTkyLjE2OC4xMi44Ng___1
2026-10-02 06:00:00,8.85789966583252,-2.139716148376465,34.8856315612793,-2.139716148376465,34.8856315612793,MTkyLjE2OC4xMi44Ng___1
2026-10-02 07:00:00,8.766768455505371,-2.1760149002075195,33.730369567871094,-2.1760149002075195,33.730369567871094,MTkyLjE2OC4xMi44Ng___1
2026-10-02 08:00:00,8.705535888671875,-2.1482419967651367,35.95975875854492,-2.1482419967651367,35.95975875854492,MTkyLjE2OC4xMi44Ng___1
2026-10-02 09:00:00,8.78986644744873,-2.17948055267334,38.016502380371094,-2.17948055267334,38.016502380371094,MTkyLjE2OC4xMi44Ng___1
2026-10-02 10:00:00,8.922303199768066,-2.2858734130859375,37.53480911254883,-2.2858734130859375,37.53480911254883,MTkyLjE2OC4xMi44Ng___1
2026-10-02 11:00:00,8.862119674682617,-2.6345739364624023,37.03843307495117,-2.6345739364624023,37.03843307495117,MTkyLjE2OC4xMi44Ng___1
2026-10-02 12:00:00,8.793365478515625,-2.341343879699707,39.91625213623047,-2.341343879699707,39.91625213623047,MTkyLjE2OC4xMi44Ng___1
2026-10-02 13:00:00,8.962730407714844,-2.0525922775268555,39.13386917114258,-2.0525922775268555,39.13386917114258,MTkyLjE2OC4xMi44Ng___1
2026-10-02 14:00:00,8.970547676086426,-2.3651905059814453,39.219703674316406,-2.3651905059814453,39.219703674316406,MTkyLjE2OC4xMi44Ng___1
2026-10-02 15:00:00,9.178182601928711,-2.138392448425293,40.06694793701172,-2.138392448425293,40.06694793701172,MTkyLjE2OC4xMi44Ng___1
2026-10-02 16:00:00,9.516921043395996,-2.32296085357666,39.982975006103516,-2.32296085357666,39.982975006103516,MTkyLjE2OC4xMi44Ng___1
2026-10-02 17:00:00,9.429363250732422,-2.188474655151367,40.151611328125,-2.188474655151367,40.151611328125,MTkyLjE2OC4xMi44Ng___1
2026-10-02 18:00:00,9.354397773742676,-2.487086296081543,39.64318084716797,-2.487086296081543,39.64318084716797,MTkyLjE2OC4xMi44Ng___1
2026-10-02 19:00:00,9.335254669189453,-2.437662124633789,39.80036163330078,-2.437662124633789,39.80036163330078,MTkyLjE2OC4xMi44Ng___1
2026-10-02 20:00:00,9.249825477600098,-2.494086265563965,39.307762145996094,-2.494086265563965,39.307762145996094,MTkyLjE2OC4xMi44Ng___1
2026-10-02 21:00:00,9.695530891418457,-1.839996337890625,38.901588439941406,-1.839996337890625,38.901588439941406,MTkyLjE2OC4xMi44Ng___1
2026-10-02 22:00:00,9.746164321899414,-1.6866073608398438,36.1376838684082,-1.6866073608398438,36.1376838684082,MTkyLjE2OC4xMi44Ng___1
2026-10-02 23:00:00,9.70616626739502,-1.5370378494262695,35.147064208984375,-1.5370378494262695,35.147064208984375,MTkyLjE2OC4xMi44Ng___1
2026-10-03 00:00:00,9.569204330444336,-1.6262235641479492,36.639827728271484,-1.6262235641479492,36.639827728271484,MTkyLjE2OC4xMi44Ng___1
2026-10-03 01:00:00,9.550929069519043,-1.671091079711914,38.6802864074707,-1.671091079711914,38.6802864074707,MTkyLjE2OC4xMi44Ng___1
2026-10-03 02:00:00,9.651201248168945,-1.6020212173461914,38.060977935791016,-1.6020212173461914,38.060977935791016,MTkyLjE2OC4xMi44Ng___1
2026-10-03 03:00:00,9.649520874023438,-1.9243831634521484,37.485164642333984,-1.9243831634521484,37.485164642333984,MTkyLjE2OC4xMi44Ng___1
2026-10-03 04:00:00,9.559322357177734,-1.7380075454711914,38.4073371887207,-1.7380075454711914,38.4073371887207,MTkyLjE2OC4xMi44Ng___1
2026-10-03 05:00:00,9.554080963134766,-1.366887092590332,38.2301025390625,-1.366887092590332,38.2301025390625,MTkyLjE2OC4xMi44Ng___1
2026-10-03 06:00:00,9.607315063476562,-1.8064994812011719,38.0004768371582,-1.8064994812011719,38.0004768371582,MTkyLjE2OC4xMi44Ng___1
2026-10-03 07:00:00,9.459674835205078,-1.4936399459838867,38.08390426635742,-1.4936399459838867,38.08390426635742,MTkyLjE2OC4xMi44Ng___1
2026-10-03 08:00:00,9.620759963989258,-1.4053335189819336,36.9727897644043,-1.4053335189819336,36.9727897644043,MTkyLjE2OC4xMi44Ng___1
2026-10-03 09:00:00,9.48953628540039,-1.5408754348754883,37.55275344848633,-1.5408754348754883,37.55275344848633,MTkyLjE2OC4xMi44Ng___1
2026-10-03 10:00:00,9.509551048278809,-1.8501663208007812,37.68223571777344,-1.8501663208007812,37.68223571777344,MTkyLjE2OC4xMi44Ng___1
2026-10-03 11:00:00,9.482470512390137,-1.9753837585449219,37.6959114074707,-1.9753837585449219,37.6959114074707,MTkyLjE2OC4xMi44Ng___1
2026-10-03 12:00:00,9.409527778625488,-2.034581184387207,37.88688659667969,-2.034581184387207,37.88688659667969,MTkyLjE2OC4xMi44Ng___1
2026-10-03 13:00:00,9.965354919433594,-1.6835956573486328,38.98927688598633,-1.6835956573486328,38.98927688598633,MTkyLjE2OC4xMi44Ng___1
2026-10-03 14:00:00,9.935656547546387,-1.2877092361450195,36.3548698425293,-1.2877092361450195,36.3548698425293,MTkyLjE2OC4xMi44Ng___1
2026-10-03 15:00:00,10.108047485351562,-1.506281852722168,36.00286865234375,-1.506281852722168,36.00286865234375,MTkyLjE2OC4xMi44Ng___1
2026-10-03 16:00:00,9.934328079223633,-1.3977947235107422,36.89445877075195,-1.3977947235107422,36.89445877075195,MTkyLjE2OC4xMi44Ng___1
2026-10-03 17:00:00,9.910078048706055,-1.5180349349975586,39.06995391845703,-1.5180349349975586,39.06995391845703,MTkyLjE2OC4xMi44Ng___1
2026-10-03 18:00:00,9.925716400146484,-1.438669204711914,37.82805252075195,-1.438669204711914,37.82805252075195,MTkyLjE2OC4xMi44Ng___1
2026-10-03 19:00:00,9.895964622497559,-1.8606653213500977,37.35508346557617,-1.8606653213500977,37.35508346557617,MTkyLjE2OC4xMi44Ng___1
2026-10-03 20:00:00,9.715580940246582,-1.5006532669067383,36.51787185668945,-1.5006532669067383,36.51787185668945,MTkyLjE2OC4xMi44Ng___1
2026-10-03 21:00:00,9.664410591125488,-1.253800392150879,36.631591796875,-1.253800392150879,36.631591796875,MTkyLjE2OC4xMi44Ng___1
2026-10-03 22:00:00,9.59237003326416,-1.5202674865722656,36.210166931152344,-1.5202674865722656,36.210166931152344,MTkyLjE2OC4xMi44Ng___1
2026-10-03 23:00:00,9.44454574584961,-1.3774499893188477,36.06958770751953,-1.3774499893188477,36.06958770751953,MTkyLjE2OC4xMi44Ng___1
2026-10-04 00:00:00,9.587903022766113,-1.3661689758300781,34.95197296142578,-1.3661689758300781,34.95197296142578,MTkyLjE2OC4xMi44Ng___1
2026-10-04 01:00:00,9.330320358276367,-1.3972539901733398,35.250179290771484,-1.3972539901733398,35.250179290771484,MTkyLjE2OC4xMi44Ng___1
2026-10-04 02:00:00,9.145039558410645,-1.6285839080810547,34.78661346435547,-1.6285839080810547,34.78661346435547,MTkyLjE2OC4xMi44Ng___1
2026-10-04 03:00:00,9.112358093261719,-1.8006439208984375,34.13526153564453,-1.8006439208984375,34.13526153564453,MTkyLjE2OC4xMi44Ng___1
2026-10-04 04:00:00,9.048883438110352,-1.9444122314453125,34.31839370727539,-1.9444122314453125,34.31839370727539,MTkyLjE2OC4xMi44Ng___1
2026-10-04 05:00:00,9.275918960571289,-1.4839296340942383,35.80680847167969,-1.4839296340942383,35.80680847167969,MTkyLjE2OC4xMi44Ng___1
2026-10-04 06:00:00,9.292045593261719,-1.5738916397094727,33.824832916259766,-1.5738916397094727,33.824832916259766,MTkyLjE2OC4xMi44Ng___1
2026-10-04 07:00:00,9.243171691894531,-1.6444005966186523,32.710777282714844,-1.6444005966186523,32.710777282714844,MTkyLjE2OC4xMi44Ng___1
2026-10-04 08:00:00,9.159233093261719,-1.5813302993774414,34.400665283203125,-1.5813302993774414,34.400665283203125,MTkyLjE2OC4xMi44Ng___1
2026-10-04 09:00:00,9.22500991821289,-1.6764469146728516,36.577796936035156,-1.6764469146728516,36.577796936035156,MTkyLjE2OC4xMi44Ng___1
2026-10-04 10:00:00,9.30543041229248,-1.684478759765625,35.97188949584961,-1.684478759765625,35.97188949584961,MTkyLjE2OC4xMi44Ng___1
2026-10-04 11:00:00,9.320432662963867,-1.898331642150879,35.347740173339844,-1.898331642150879,35.347740173339844,MTkyLjE2OC4xMi44Ng___1
2026-10-04 12:00:00,9.2612886428833,-1.7014360427856445,36.82795333862305,-1.7014360427856445,36.82795333862305,MTkyLjE2OC4xMi44Ng___1
2026-10-04 13:00:00,9.41431999206543,-1.4102783203125,36.58088302612305,-1.4102783203125,36.58088302612305,MTkyLjE2OC4xMi44Ng___1
2026-10-04 14:00:00,9.34323787689209,-1.6168327331542969,36.66423797607422,-1.6168327331542969,36.66423797607422,MTkyLjE2OC4xMi44Ng___1
2026-10-04 15:00:00,9.427802085876465,-1.5052452087402344,36.88136672973633,-1.5052452087402344,36.88136672973633,MTkyLjE2OC4xMi44Ng___1
2026-10-04 16:00:00,9.601247787475586,-1.3771734237670898,35.989341735839844,-1.3771734237670898,35.989341735839844,MTkyLjE2OC4xMi44Ng___1
2026-10-04 17:00:00,9.555728912353516,-1.683375358581543,36.42850875854492,-1.683375358581543,36.42850875854492,MTkyLjE2OC4xMi44Ng___1
2026-10-04 18:00:00,9.419633865356445,-1.8113842010498047,36.539039611816406,-1.8113842010498047,36.539039611816406,MTkyLjE2OC4xMi44Ng___1
2026-10-04 19:00:00,9.348258972167969,-1.8208322525024414,36.20934295654297,-1.8208322525024414,36.20934295654297,MTkyLjE2OC4xMi44Ng___1
2026-10-04 20:00:00,9.222795486450195,-1.8936567306518555,35.499061584472656,-1.8936567306518555,35.499061584472656,MTkyLjE2OC4xMi44Ng___1
2026-10-04 21:00:00,9.533724784851074,-2.037522315979004,38.68202590942383,-2.037522315979004,38.68202590942383,MTkyLjE2OC4xMi44Ng___1
2026-10-04 22:00:00,9.452415466308594,-1.8311347961425781,36.10307312011719,-1.8311347961425781,36.10307312011719,MTkyLjE2OC4xMi44Ng___1
2026-10-04 23:00:00,9.357542037963867,-1.9331350326538086,34.94182205200195,-1.9331350326538086,34.94182205200195,MTkyLjE2OC4xMi44Ng___1
2026-10-05 00:00:00,9.222942352294922,-1.9997291564941406,36.6541862487793,-1.9997291564941406,36.6541862487793,MTkyLjE2OC4xMi44Ng___1
2026-10-05 01:00:00,9.073298454284668,-1.9670944213867188,38.0330924987793,-1.9670944213867188,38.0330924987793,MTkyLjE2OC4xMi44Ng___1
2026-10-05 02:00:00,9.055644989013672,-2.0447425842285156,37.06221008300781,-2.0447425842285156,37.06221008300781,MTkyLjE2OC4xMi44Ng___1
2026-10-05 03:00:00,8.960737228393555,-2.130207061767578,36.0962028503418,-2.130207061767578,36.0962028503418,MTkyLjE2OC4xMi44Ng___1
2026-10-05 04:00:00,8.885189056396484,-1.8869409561157227,37.776893615722656,-1.8869409561157227,37.776893615722656,MTkyLjE2OC4xMi44Ng___1
2026-10-05 05:00:00,8.953003883361816,-1.7389583587646484,37.82326889038086,-1.7389583587646484,37.82326889038086,MTkyLjE2OC4xMi44Ng___1
2026-10-05 06:00:00,8.963452339172363,-1.9776849746704102,37.331199645996094,-1.9776849746704102,37.331199645996094,MTkyLjE2OC4xMi44Ng___1
2026-10-05 07:00:00,8.908361434936523,-1.7238655090332031,37.38087844848633,-1.7238655090332031,37.38087844848633,MTkyLjE2OC4xMi44Ng___1
2026-10-05 08:00:00,9.161093711853027,-1.6544170379638672,37.0968017578125,-1.6544170379638672,37.0968017578125,MTkyLjE2OC4xMi44Ng___1
2026-10-05 09:00:00,9.120532035827637,-1.85162353515625,38.23423385620117,-1.85162353515625,38.23423385620117,MTkyLjE2OC4xMi44Ng___1
2026-10-05 10:00:00,9.08915901184082,-2.134737968444824,38.39114761352539,-2.134737968444824,38.39114761352539,MTkyLjE2OC4xMi44Ng___1
2026-10-05 11:00:00,9.129899978637695,-2.325246810913086,39.47694778442383,-2.325246810913086,39.47694778442383,MTkyLjE2OC4xMi44Ng___1
2026-10-05 12:00:00,9.33332633972168,-2.7711973190307617,41.54829025268555,-2.7711973190307617,41.54829025268555,MTkyLjE2OC4xMi44Ng___1
2026-10-05 13:00:00,9.78046703338623,-1.8653030395507812,42.01277160644531,-1.8653030395507812,42.01277160644531,MTkyLjE2OC4xMi44Ng___1
2026-10-05 14:00:00,9.750329971313477,-1.738962173461914,39.5637092590332,-1.738962173461914,39.5637092590332,MTkyLjE2OC4xMi44Ng___1
2026-10-05 15:00:00,9.891698837280273,-1.9010744094848633,38.92975997924805,-1.9010744094848633,38.92975997924805,MTkyLjE2OC4xMi44Ng___1
2026-10-05 16:00:00,9.653682708740234,-1.9715900421142578,39.85982131958008,-1.9715900421142578,39.85982131958008,MTkyLjE2OC4xMi44Ng___1
2026-10-05 17:00:00,9.564214706420898,-1.9309444427490234,42.48579406738281,-1.9309444427490234,42.48579406738281,MTkyLjE2OC4xMi44Ng___1
2026-10-05 18:00:00,9.501824378967285,-1.9537734985351562,40.66614532470703,-1.9537734985351562,40.66614532470703,MTkyLjE2OC4xMi44Ng___1
2026-10-05 19:00:00,9.3906831741333,-2.2015180587768555,39.48086929321289,-2.2015180587768555,39.48086929321289,MTkyLjE2OC4xMi44Ng___1
2026-10-05 20:00:00,9.182306289672852,-1.7798337936401367,38.62956619262695,-1.7798337936401367,38.62956619262695,MTkyLjE2OC4xMi44Ng___1
2026-10-05 21:00:00,9.23751449584961,-1.7583856582641602,39.63322830200195,-1.7583856582641602,39.63322830200195,MTkyLjE2OC4xMi44Ng___1
2026-10-05 22:00:00,9.134193420410156,-1.9836063385009766,39.065582275390625,-1.9836063385009766,39.065582275390625,MTkyLjE2OC4xMi44Ng___1
2026-10-05 23:00:00,8.979779243469238,-1.8453254699707031,38.85032653808594,-1.8453254699707031,38.85032653808594,MTkyLjE2OC4xMi44Ng___1
2026-10-06 00:00:00,9.127163887023926,-1.7543535232543945,37.70171356201172,-1.7543535232543945,37.70171356201172,MTkyLjE2OC4xMi44Ng___1
2026-10-06 01:00:00,8.861695289611816,-1.7612237930297852,38.69404220581055,-1.7612237930297852,38.69404220581055,MTkyLjE2OC4xMi44Ng___1
2026-10-06 02:00:00,8.684857368469238,-2.090085983276367,37.47355651855469,-2.090085983276367,37.47355651855469,MTkyLjE2OC4xMi44Ng___1
2026-10-06 03:00:00,8.569342613220215,-2.444828987121582,37.05120849609375,-2.444828987121582,37.05120849609375,MTkyLjE2OC4xMi44Ng___1
2026-10-06 04:00:00,8.632878303527832,-2.5154762268066406,37.14492416381836,-2.5154762268066406,37.14492416381836,MTkyLjE2OC4xMi44Ng___1
2026-10-06 05:00:00,9.047568321228027,-2.101675033569336,41.09476852416992,-2.101675033569336,41.09476852416992,MTkyLjE2OC4xMi44Ng___1
2026-10-06 06:00:00,9.10659408569336,-2.268946647644043,38.92866897583008,-2.268946647644043,38.92866897583008,MTkyLjE2OC4xMi44Ng___1
2026-10-06 07:00:00,9.02292251586914,-2.321840286254883,37.44963455200195,-2.321840286254883,37.44963455200195,MTkyLjE2OC4xMi44Ng___1
2026-10-06 08:00:00,8.898069381713867,-2.3494319915771484,39.80913543701172,-2.3494319915771484,39.80913543701172,MTkyLjE2OC4xMi44Ng___1
2026-10-06 09:00:00,9.052291870117188,-2.3932199478149414,43.18032455444336,-2.3932199478149414,43.18032455444336,MTkyLjE2OC4xMi44Ng___1
2026-10-06 10:00:00,9.195591926574707,-2.453335762023926,42.23816680908203,-2.453335762023926,42.23816680908203,MTkyLjE2OC4xMi44Ng___1
2026-10-06 11:00:00,9.107003211975098,-2.6898746490478516,41.35991668701172,-2.6898746490478516,41.35991668701172,MTkyLjE2OC4xMi44Ng___1
2026-10-06 12:00:00,9.053545951843262,-2.4335756301879883,44.69961166381836,-2.4335756301879883,44.69961166381836,MTkyLjE2OC4xMi44Ng___1
2026-10-06 13:00:00,9.263619422912598,-2.2565908432006836,43.6966438293457,-2.2565908432006836,43.6966438293457,MTkyLjE2OC4xMi44Ng___1
2026-10-06 14:00:00,9.286633491516113,-2.4696006774902344,43.91666030883789,-2.4696006774902344,43.91666030883789,MTkyLjE2OC4xMi44Ng___1
2026-10-06 15:00:00,9.44686222076416,-2.2203969955444336,44.69693374633789,-2.2203969955444336,44.69693374633789,MTkyLjE2OC4xMi44Ng___1
2026-10-06 16:00:00,9.820822715759277,-2.3609189987182617,44.65687942504883,-2.3609189987182617,44.65687942504883,MTkyLjE2OC4xMi44Ng___1
2026-10-06 17:00:00,9.704349517822266,-2.342966079711914,45.03702163696289,-2.342966079711914,45.03702163696289,MTkyLjE2OC4xMi44Ng___1
2026-10-06 18:00:00,9.622488975524902,-2.6805038452148438,44.738285064697266,-2.6805038452148438,44.738285064697266,MTkyLjE2OC4xMi44Ng___1
2026-10-06 19:00:00,9.547039031982422,-2.644303321838379,45.238101959228516,-2.644303321838379,45.238101959228516,MTkyLjE2OC4xMi44Ng___1
2026-10-06 20:00:00,9.427350044250488,-2.7525672912597656,44.081138610839844,-2.7525672912597656,44.081138610839844,MTkyLjE2OC4xMi44Ng___1
2026-10-06 21:00:00,9.88813591003418,-2.171255111694336,43.53367614746094,-2.171255111694336,43.53367614746094,MTkyLjE2OC4xMi44Ng___1
2026-10-06 22:00:00,9.878621101379395,-1.7919750213623047,40.26565933227539,-1.7919750213623047,40.26565933227539,MTkyLjE2OC4xMi44Ng___1
2026-10-06 23:00:00,9.870598793029785,-1.9242305755615234,39.432552337646484,-1.9242305755615234,39.432552337646484,MTkyLjE2OC4xMi44Ng___1
2026-10-07 00:00:00,9.686574935913086,-2.0417070388793945,41.04664993286133,-2.0417070388793945,41.04664993286133,MTkyLjE2OC4xMi44Ng___1
2026-10-07 01:00:00,9.61024284362793,-2.038829803466797,43.75096130371094,-2.038829803466797,43.75096130371094,MTkyLjE2OC4xMi44Ng___1
2026-10-07 02:00:00,9.624772071838379,-2.006352424621582,42.24588394165039,-2.006352424621582,42.24588394165039,MTkyLjE2OC4xMi44Ng___1
2026-10-07 03:00:00,9.56096363067627,-2.256741523742676,40.957550048828125,-2.256741523742676,40.957550048828125,MTkyLjE2OC4xMi44Ng___1
2026-10-07 04:00:00,9.472288131713867,-1.9798765182495117,42.4473762512207,-1.9798765182495117,42.4473762512207,MTkyLjE2OC4xMi44Ng___1
2026-10-07 05:00:00,9.551263809204102,-1.7905540466308594,42.310157775878906,-1.7905540466308594,42.310157775878906,MTkyLjE2OC4xMi44Ng___1
2026-10-07 06:00:00,9.58307933807373,-2.0796661376953125,41.84892272949219,-2.0796661376953125,41.84892272949219,MTkyLjE2OC4xMi44Ng___1
2026-10-07 07:00:00,9.484785079956055,-1.8535146713256836,41.95478820800781,-1.8535146713256836,41.95478820800781,MTkyLjE2OC4xMi44Ng___1
2026-10-07 08:00:00,9.67043685913086,-1.7417268753051758,40.60967254638672,-1.7417268753051758,40.60967254638672,MTkyLjE2OC4xMi44Ng___1
2026-10-07 09:00:00,9.534996032714844,-1.8373336791992188,41.599159240722656,-1.8373336791992188,41.599159240722656,MTkyLjE2OC4xMi44Ng___1
2026-10-07 10:00:00,9.549696922302246,-2.235842704772949,41.671180725097656,-2.235842704772949,41.671180725097656,MTkyLjE2OC4xMi44Ng___1
2026-10-07 11:00:00,9.568936347961426,-2.3951826095581055,42.68232727050781,-2.3951826095581055,42.68232727050781,MTkyLjE2OC4xMi44Ng___1
2026-10-07 12:00:00,9.567315101623535,-2.574338912963867,43.23286056518555,-2.574338912963867,43.23286056518555,MTkyLjE2OC4xMi44Ng___1
2026-10-07 13:00:00,10.069046020507812,-1.8427305221557617,43.844058990478516,-1.8427305221557617,43.844058990478516,MTkyLjE2OC4xMi44Ng___1
2026-10-07 14:00:00,10.031050682067871,-1.691864013671875,41.11335754394531,-1.691864013671875,41.11335754394531,MTkyLjE2OC4xMi44Ng___1
2026-10-07 15:00:00,10.184300422668457,-1.8635263442993164,40.50428771972656,-1.8635263442993164,40.50428771972656,MTkyLjE2OC4xMi44Ng___1
2026-10-07 16:00:00,9.978466033935547,-1.962717056274414,41.394474029541016,-1.962717056274414,41.394474029541016,MTkyLjE2OC4xMi44Ng___1
2026-10-07 17:00:00,9.903779983520508,-1.9682302474975586,44.075504302978516,-1.9682302474975586,44.075504302978516,MTkyLjE2OC4xMi44Ng___1
2026-10-07 18:00:00,9.848907470703125,-1.8945074081420898,42.36201858520508,-1.8945074081420898,42.36201858520508,MTkyLjE2OC4xMi44Ng___1
2026-10-07 19:00:00,9.738587379455566,-2.222574234008789,41.128631591796875,-2.222574234008789,41.128631591796875,MTkyLjE2OC4xMi44Ng___1
2026-10-07 20:00:00,9.533875465393066,-1.8107452392578125,39.888179779052734,-1.8107452392578125,39.888179779052734,MTkyLjE2OC4xMi44Ng___1
2026-10-07 21:00:00,9.539114952087402,-1.7580652236938477,40.722904205322266,-1.7580652236938477,40.722904205322266,MTkyLjE2OC4xMi44Ng___1
2026-10-07 22:00:00,9.421159744262695,-1.9119453430175781,39.93037796020508,-1.9119453430175781,39.93037796020508,MTkyLjE2OC4xMi44Ng___1
2026-10-07 23:00:00,9.288394927978516,-1.8473434448242188,39.57170104980469,-1.8473434448242188,39.57170104980469,MTkyLjE2OC4xMi44Ng___1
2026-10-08 00:00:00,9.426556587219238,-1.7459678649902344,38.34311294555664,-1.7459678649902344,38.34311294555664,MTkyLjE2OC4xMi44Ng___1
2026-10-08 01:00:00,9.147848129272461,-1.7800226211547852,38.945804595947266,-1.7800226211547852,38.945804595947266,MTkyLjE2OC4xMi44Ng___1
2026-10-08 02:00:00,8.924582481384277,-2.120364189147949,37.98136901855469,-2.120364189147949,37.98136901855469,MTkyLjE2OC4xMi44Ng___1
2026-10-08 03:00:00,8.844571113586426,-2.4264049530029297,37.24764633178711,-2.4264049530029297,37.24764633178711,MTkyLjE2OC4xMi44Ng___1
2026-10-08 04:00:00,8.893491744995117,-2.511532783508301,37.75114822387695,-2.511532783508301,37.75114822387695,MTkyLjE2OC4xMi44Ng___1
2026-10-08 05:00:00,9.148419380187988,-1.9405202865600586,38.829551696777344,-1.9405202865600586,38.829551696777344,MTkyLjE2OC4xMi44Ng___1
2026-10-08 06:00:00,9.14811897277832,-2.1183176040649414,36.7767333984375,-2.1183176040649414,36.7767333984375,MTkyLjE2OC4xMi44Ng___1
2026-10-08 07:00:00,9.053028106689453,-2.2485103607177734,35.327152252197266,-2.2485103607177734,35.327152252197266,MTkyLjE2OC4xMi44Ng___1
2026-10-08 08:00:00,8.959796905517578,-2.2141876220703125,37.5592155456543,-2.2141876220703125,37.5592155456543,MTkyLjE2OC4xMi44Ng___1
2026-10-08 09:00:00,9.053318977355957,-2.2779645919799805,40.33919906616211,-2.2779645919799805,40.33919906616211,MTkyLjE2OC4xMi44Ng___1
2026-10-08 10:00:00,9.139845848083496,-2.3111181259155273,39.48736572265625,-2.3111181259155273,39.48736572265625,MTkyLjE2OC4xMi44Ng___1
2026-10-08 11:00:00,9.077919006347656,-2.6567697525024414,38.38228225708008,-2.6567697525024414,38.38228225708008,MTkyLjE2OC4xMi44Ng___1
2026-10-08 12:00:00,9.008448600769043,-2.29150390625,40.4339485168457,-2.29150390625,40.4339485168457,MTkyLjE2OC4xMi44Ng___1
2026-10-08 13:00:00,9.166767120361328,-2.1132497787475586,39.83868408203125,-2.1132497787475586,39.83868408203125,MTkyLjE2OC4xMi44Ng___1
2026-10-08 14:00:00,9.124027252197266,-2.284330368041992,39.60479736328125,-2.284330368041992,39.60479736328125,MTkyLjE2OC4xMi44Ng___1
2026-10-08 15:00:00,9.272273063659668,-2.142719268798828,40.241363525390625,-2.142719268798828,40.241363525390625,MTkyLjE2OC4xMi44Ng___1
2026-10-08 16:00:00,9.503921508789062,-1.9521551132202148,39.13511657714844,-1.9521551132202148,39.13511657714844,MTkyLjE2OC4xMi44Ng___1
2026-10-08 17:00:00,9.420683860778809,-2.270663261413574,39.92555618286133,-2.270663261413574,39.92555618286133,MTkyLjE2OC4xMi44Ng___1
2026-10-08 18:00:00,9.247806549072266,-2.5295095443725586,39.51860046386719,-2.5295095443725586,39.51860046386719,MTkyLjE2OC4xMi44Ng___1
2026-10-08 19:00:00,9.141276359558105,-2.602217674255371,39.30328369140625,-2.602217674255371,39.30328369140625,MTkyLjE2OC4xMi44Ng___1
2026-10-08 20:00:00,9.093180656433105,-2.685422897338867,38.62544250488281,-2.685422897338867,38.62544250488281,MTkyLjE2OC4xMi44Ng___1
2026-10-08 21:00:00,9.477320671081543,-2.0085325241088867,40.18094253540039,-2.0085325241088867,40.18094253540039,MTkyLjE2OC4xMi44Ng___1
2026-10-08 22:00:00,9.43256664276123,-1.9617700576782227,37.75712203979492,-1.9617700576782227,37.75712203979492,MTkyLjE2OC4xMi44Ng___1
2026-10-08 23:00:00,9.330069541931152,-2.074239730834961,36.52933883666992,-2.074239730834961,36.52933883666992,MTkyLjE2OC4xMi44Ng___1
2026-10-09 00:00:00,9.167487144470215,-2.1725454330444336,38.42769241333008,-2.1725454330444336,38.42769241333008,MTkyLjE2OC4xMi44Ng___1
2026-10-09 01:00:00,9.029864311218262,-2.1594762802124023,40.34489822387695,-2.1594762802124023,40.34489822387695,MTkyLjE2OC4xMi44Ng___1
2026-10-09 02:00:00,8.998041152954102,-2.1975088119506836,38.951141357421875,-2.1975088119506836,38.951141357421875,MTkyLjE2OC4xMi44Ng___1
2026-10-09 03:00:00,8.869538307189941,-2.382047653198242,37.6937370300293,-2.382047653198242,37.6937370300293,MTkyLjE2OC4xMi44Ng___1
2026-10-09 04:00:00,8.812191009521484,-2.079716682434082,40.258235931396484,-2.079716682434082,40.258235931396484,MTkyLjE2OC4xMi44Ng___1
2026-10-09 05:00:00,8.896628379821777,-1.989816665649414,39.550926208496094,-1.989816665649414,39.550926208496094,MTkyLjE2OC4xMi44Ng___1
2026-10-09 06:00:00,8.873332977294922,-2.2021169662475586,38.55828857421875,-2.2021169662475586,38.55828857421875,MTkyLjE2OC4xMi44Ng___1
2026-10-09 07:00:00,8.893553733825684,-1.9261350631713867,39.15321731567383,-1.9261350631713867,39.15321731567383,MTkyLjE2OC4xMi44Ng___1
2026-10-09 08:00:00,9.131863594055176,-1.8251333236694336,38.27335739135742,-1.8251333236694336,38.27335739135742,MTkyLjE2OC4xMi44Ng___1
2026-10-09 09:00:00,9.045723915100098,-1.941843032836914,39.61326217651367,-1.941843032836914,39.61326217651367,MTkyLjE2OC4xMi44Ng___1
2026-10-09 10:00:00,8.979276657104492,-2.296278953552246,39.38473892211914,-2.296278953552246,39.38473892211914,MTkyLjE2OC4xMi44Ng___1
2026-10-09 11:00:00,9.085457801818848,-2.633782386779785,40.791866302490234,-2.633782386779785,40.791866302490234,MTkyLjE2OC4xMi44Ng___1
2026-10-09 12:00:00,9.254449844360352,-3.0263195037841797,42.54337692260742,-3.0263195037841797,42.54337692260742,MTkyLjE2OC4xMi44Ng___1
2026-10-09 13:00:00,9.459391593933105,-1.6193647384643555,42.060733795166016,-1.6193647384643555,42.060733795166016,MTkyLjE2OC4xMi44Ng___1
2026-10-09 14:00:00,9.467225074768066,-1.6970596313476562,39.753318786621094,-1.6970596313476562,39.753318786621094,MTkyLjE2OC4xMi44Ng___1
2026-10-09 15:00:00,9.524799346923828,-1.8469505310058594,38.814144134521484,-1.8469505310058594,38.814144134521484,MTkyLjE2OC4xMi44Ng___1
2026-10-09 16:00:00,9.362649917602539,-1.8603248596191406,40.497859954833984,-1.8603248596191406,40.497859954833984,MTkyLjE2OC4xMi44Ng___1
2026-10-09 17:00:00,9.25930404663086,-1.828094482421875,43.15282440185547,-1.828094482421875,43.15282440185547,MTkyLjE2OC4xMi44Ng___1
2026-10-09 18:00:00,9.21302318572998,-1.9075374603271484,41.177371978759766,-1.9075374603271484,41.177371978759766,MTkyLjE2OC4xMi44Ng___1
2026-10-09 19:00:00,9.059911727905273,-2.1782045364379883,39.58496856689453,-2.1782045364379883,39.58496856689453,MTkyLjE2OC4xMi44Ng___1
2026-10-09 20:00:00,8.875601768493652,-1.788705825805664,40.05025100708008,-1.788705825805664,40.05025100708008,MTkyLjE2OC4xMi44Ng___1
2026-10-09 21:00:00,8.929611206054688,-1.7780256271362305,40.064605712890625,-1.7780256271362305,40.064605712890625,MTkyLjE2OC4xMi44Ng___1
2026-10-09 22:00:00,8.757099151611328,-1.9970121383666992,38.845340728759766,-1.9970121383666992,38.845340728759766,MTkyLjE2OC4xMi44Ng___1
2026-10-09 23:00:00,8.736822128295898,-1.8301410675048828,39.50383377075195,-1.8301410675048828,39.50383377075195,MTkyLjE2OC4xMi44Ng___1
2026-10-10 00:00:00,8.821775436401367,-1.7489023208618164,37.926414489746094,-1.7489023208618164,37.926414489746094,MTkyLjE2OC4xMi44Ng___1
2026-10-10 01:00:00,8.530862808227539,-1.6868505477905273,38.886924743652344,-1.6868505477905273,38.886924743652344,MTkyLjE2OC4xMi44Ng___1
2026-10-10 02:00:00,8.372358322143555,-1.9110956192016602,37.341373443603516,-1.9110956192016602,37.341373443603516,MTkyLjE2OC4xMi44Ng___1
2026-10-10 03:00:00,8.2476806640625,-2.343006134033203,37.03875732421875,-2.343006134033203,37.03875732421875,MTkyLjE2OC4xMi44Ng___1
2026-10-10 04:00:00,8.376974105834961,-2.4315881729125977,37.537696838378906,-2.4315881729125977,37.537696838378906,MTkyLjE2OC4xMi44Ng___1
2026-10-10 05:00:00,8.35036849975586,-2.170198440551758,39.06401824951172,-2.170198440551758,39.06401824951172,MTkyLjE2OC4xMi44Ng___1
2026-10-10 06:00:00,8.44950008392334,-2.4123592376708984,37.751792907714844,-2.4123592376708984,37.751792907714844,MTkyLjE2OC4xMi44Ng___1
2026-10-10 07:00:00,8.246709823608398,-2.484844207763672,35.947322845458984,-2.484844207763672,35.947322845458984,MTkyLjE2OC4xMi44Ng___1
2026-10-10 08:00:00,8.156700134277344,-2.4002132415771484,38.558128356933594,-2.4002132415771484,38.558128356933594,MTkyLjE2OC4xMi44Ng___1
2026-10-10 09:00:00,8.24825668334961,-2.499213218688965,40.7779541015625,-2.499213218688965,40.7779541015625,MTkyLjE2OC4xMi44Ng___1
2026-10-10 10:00:00,8.364002227783203,-2.5815954208374023,40.625946044921875,-2.5815954208374023,40.625946044921875,MTkyLjE2OC4xMi44Ng___1
2026-10-10 11:00:00,8.25778579711914,-2.6844968795776367,40.77076721191406,-2.6844968795776367,40.77076721191406,MTkyLjE2OC4xMi44Ng___1
2026-10-10 12:00:00,8.266998291015625,-2.571108818054199,43.51517868041992,-2.571108818054199,43.51517868041992,MTkyLjE2OC4xMi44Ng___1
2026-10-10 13:00:00,8.426957130432129,-2.5490102767944336,41.83428955078125,-2.5490102767944336,41.83428955078125,MTkyLjE2OC4xMi44Ng___1
2026-10-10 14:00:00,8.371476173400879,-2.5512866973876953,40.795570373535156,-2.5512866973876953,40.795570373535156,MTkyLjE2OC4xMi44Ng___1
2026-10-10 15:00:00,8.6287841796875,-2.455937385559082,42.762760162353516,-2.455937385559082,42.762760162353516,MTkyLjE2OC4xMi44Ng___1
2026-10-10 16:00:00,8.92589282989502,-2.395475387573242,42.07748794555664,-2.395475387573242,42.07748794555664,MTkyLjE2OC4xMi44Ng___1
2026-10-10 17:00:00,8.779279708862305,-2.6766767501831055,43.21730422973633,-2.6766767501831055,43.21730422973633,MTkyLjE2OC4xMi44Ng___1
2026-10-10 18:00:00,8.611321449279785,-2.7146148681640625,42.67290115356445,-2.7146148681640625,42.67290115356445,MTkyLjE2OC4xMi44Ng___1
2026-10-10 19:00:00,8.566017150878906,-2.883291244506836,42.47675704956055,-2.883291244506836,42.47675704956055,MTkyLjE2OC4xMi44Ng___1
2026-10-10 20:00:00,8.554315567016602,-2.977341651916504,41.42174530029297,-2.977341651916504,41.42174530029297,MTkyLjE2OC4xMi44Ng___1
2026-10-10 21:00:00,8.795610427856445,-1.9524450302124023,40.265384674072266,-1.9524450302124023,40.265384674072266,MTkyLjE2OC4xMi44Ng___1
2026-10-10 22:00:00,8.953991889953613,-2.127786636352539,38.567344665527344,-2.127786636352539,38.567344665527344,MTkyLjE2OC4xMi44Ng___1
2026-10-10 23:00:00,8.793598175048828,-2.1613893508911133,36.82987594604492,-2.1613893508911133,36.82987594604492,MTkyLjE2OC4xMi44Ng___1
2026-10-11 00:00:00,8.67872428894043,-2.1360082626342773,39.230674743652344,-2.1360082626342773,39.230674743652344,MTkyLjE2OC4xMi44Ng___1
2026-10-11 01:00:00,8.605623245239258,-2.270294189453125,41.43851852416992,-2.270294189453125,41.43851852416992,MTkyLjE2OC4xMi44Ng___1
2026-10-11 02:00:00,8.599120140075684,-2.270327568054199,40.38621139526367,-2.270327568054199,40.38621139526367,MTkyLjE2OC4xMi44Ng___1
2026-10-11 03:00:00,8.457151412963867,-2.3231258392333984,39.027183532714844,-2.3231258392333984,39.027183532714844,MTkyLjE2OC4xMi44Ng___1
2026-10-11 04:00:00,8.485879898071289,-2.277355194091797,42.36581802368164,-2.277355194091797,42.36581802368164,MTkyLjE2OC4xMi44Ng___1
2026-10-11 05:00:00,8.571273803710938,-2.145543098449707,40.77901840209961,-2.145543098449707,40.77901840209961,MTkyLjE2OC4xMi44Ng___1
2026-10-11 06:00:00,8.540623664855957,-2.417898178100586,39.81916809082031,-2.417898178100586,39.81916809082031,MTkyLjE2OC4xMi44Ng___1
2026-10-11 07:00:00,8.529648780822754,-2.098255157470703,40.44070053100586,-2.098255157470703,40.44070053100586,MTkyLjE2OC4xMi44Ng___1
2026-10-11 08:00:00,8.719462394714355,-2.0508718490600586,39.201416015625,-2.0508718490600586,39.201416015625,MTkyLjE2OC4xMi44Ng___1
2026-10-11 09:00:00,8.565011024475098,-2.1776561737060547,40.60588073730469,-2.1776561737060547,40.60588073730469,MTkyLjE2OC4xMi44Ng___1
2026-10-11 10:00:00,8.537518501281738,-2.351755142211914,40.741111755371094,-2.351755142211914,40.741111755371094,MTkyLjE2OC4xMi44Ng___1
2026-10-11 11:00:00,8.587590217590332,-2.8775644302368164,41.726097106933594,-2.8775644302368164,41.726097106933594,MTkyLjE2OC4xMi44Ng___1
2026-10-11 12:00:00,8.630804061889648,-2.8840389251708984,41.480953216552734,-2.8840389251708984,41.480953216552734,MTkyLjE2OC4xMi44Ng___1
